ID,BUS_AND_SUBWAY,COLLEGES_AND_UNIVERSITIES,OFFICE,SECNIC,RESIDENTIAL_AREA,NON-DAILY_RETAIL,DAILY_RETAIL,EXPRESS_DELIVERY_STATION
1,1,0,0,0,0,0,0,0
2,0,0,0,0,0,0,0,0
3,0,0,0,0,0,0,0,0
4,0,0,0,1,0,0,0,0
5,2,0,0,3,1,1,0,0
6,0,0,0,0,1,1,7,1
7,3,0,16,2,28,22,49,17
8,0,0,0,0,0,1,1,0
9,0,0,0,0,0,0,0,0
10,0,0,0,0,0,0,0,0
11,0,0,0,0,0,0,0,0
12,3,0,0,0,1,3,9,5
13,0,0,0,0,0,0,0,0
14,0,0,0,0,0,0,0,0
15,0,0,0,0,0,0,0,0
16,0,0,0,0,0,0,0,0
17,0,1,0,0,0,107,1,0
18,0,0,0,3,0,0,0,0
19,0,0,0,0,0,0,0,0
20,0,0,0,0,0,0,0,0
21,0,0,0,0,0,0,0,0
22,0,0,2,0,0,1,3,2
23,2,0,14,1,4,56,10,3
24,0,0,0,0,0,0,0,0
25,0,0,0,0,0,0,0,0
26,2,0,0,0,4,9,14,9
27,0,0,0,0,0,0,0,0
28,2,0,0,19,7,21,15,9
29,0,0,0,0,0,0,0,0
30,0,0,0,0,0,0,0,0
31,0,0,0,0,0,0,0,0
32,0,0,0,0,3,4,4,4
33,0,0,0,0,0,1,0,0
34,0,0,0,0,0,0,0,0
35,1,0,0,0,0,0,0,0
36,3,0,1,0,8,21,18,3
37,0,0,0,48,0,0,0,0
38,0,0,0,1,3,0,2,0
39,3,0,0,0,0,0,2,2
40,0,0,0,0,0,0,0,0
41,0,0,0,0,0,0,0,0
42,1,0,0,1,0,0,1,0
43,0,0,0,0,0,0,1,0
44,0,0,0,0,0,0,2,0
45,0,0,2,0,9,26,30,6
46,1,0,0,0,0,2,3,4
47,0,0,0,0,0,0,0,0
48,0,0,0,0,2,0,1,0
49,3,0,0,0,1,2,1,2
50,0,0,2,11,6,2,3,1
51,0,0,0,0,0,0,0,0
52,5,0,0,1,5,10,12,5
53,2,0,0,0,0,0,1,0
54,0,0,0,0,0,0,0,0
55,2,0,3,0,1,3,2,1
56,3,0,0,3,3,7,8,2
57,0,0,0,0,0,0,0,0
58,0,0,0,0,0,0,0,0
59,0,0,0,0,1,7,0,0
60,0,0,0,0,0,0,0,0
61,0,0,0,0,0,1,0,0
62,2,0,2,1,12,6,8,1
63,0,0,0,0,0,1,0,0
64,0,0,0,0,0,0,0,0
65,0,0,0,0,0,0,0,0
66,0,0,0,0,0,1,0,2
67,0,0,0,0,0,0,0,0
68,1,0,0,0,0,0,0,0
69,0,0,1,0,0,0,0,0
70,0,0,0,0,0,0,0,0
71,4,0,0,0,0,2,1,2
72,0,0,0,0,0,0,1,0
73,0,0,0,0,0,1,0,1
74,0,0,0,0,0,0,0,0
75,0,0,0,0,0,0,0,0
76,1,0,0,2,8,43,11,8
77,0,0,0,0,0,0,0,0
78,0,6,0,0,0,0,0,0
79,0,0,0,0,0,0,0,0
80,0,0,0,0,1,1,3,0
81,0,0,0,0,0,0,0,0
82,6,0,0,1,0,0,0,0
83,0,0,0,0,0,0,0,0
84,0,0,0,0,0,0,0,0
85,0,0,0,0,0,0,3,0
86,7,0,1,0,8,22,20,8
87,0,0,0,0,0,0,0,3
88,0,0,0,0,0,0,0,0
89,0,0,0,0,0,0,0,0
90,0,0,0,0,0,0,0,0
91,0,0,0,0,0,0,0,0
92,0,0,0,0,0,0,0,0
93,0,0,0,0,0,0,0,0
94,0,0,0,0,0,0,1,0
95,0,0,0,0,0,0,0,0
96,2,0,0,0,0,0,0,0
97,0,0,2,0,2,0,0,0
98,0,0,0,0,0,0,0,0
99,8,0,15,0,3,65,7,1
100,0,0,1,1,6,25,12,2
101,0,0,0,0,0,0,0,0
102,3,0,0,1,2,2,1,2
103,0,0,0,0,0,12,0,0
104,3,1,0,0,3,6,6,3
105,1,0,0,0,8,298,18,2
106,0,0,0,0,0,0,0,0
107,0,0,0,4,0,1,0,0
108,0,0,0,0,0,0,0,0
109,0,0,0,0,0,0,0,0
110,1,0,0,2,0,0,1,0
111,0,0,0,0,0,0,0,0
112,0,0,0,0,0,0,0,0
113,2,0,1,0,8,20,55,6
114,2,0,0,14,0,0,0,0
115,3,0,0,0,2,53,5,1
116,1,0,0,0,0,2,2,0
117,0,0,0,0,0,0,0,0
118,0,0,0,1,0,0,0,0
119,0,0,0,1,0,0,0,0
120,0,0,0,0,0,0,0,0
121,0,0,1,0,2,2,0,5
122,3,0,6,5,12,26,35,9
123,0,0,0,0,0,0,0,0
124,0,0,0,11,0,0,0,0
125,2,0,5,0,4,30,11,4
126,7,20,1,1,1,6,3,1
127,3,0,2,0,2,12,26,3
128,0,0,0,0,7,4,6,5
129,0,0,0,0,0,0,0,0
130,0,0,0,0,0,0,0,0
131,0,0,0,0,0,0,0,0
132,0,0,0,0,0,0,0,0
133,0,0,0,5,1,0,0,0
134,1,4,0,0,0,2,6,0
135,0,0,0,0,0,0,0,0
136,3,0,7,12,16,77,44,5
137,6,0,1,2,6,3,7,2
138,0,0,0,0,0,0,0,0
139,1,0,3,0,7,70,21,11
140,0,0,0,0,0,1,0,0
141,0,24,0,2,1,0,1,0
142,2,0,1,0,6,0,7,2
143,1,0,0,0,0,2,1,1
144,2,0,5,1,22,76,45,11
145,0,0,0,0,0,0,0,0
146,0,0,0,0,0,0,0,0
147,0,0,1,0,0,0,0,2
148,0,0,0,0,0,0,0,0
149,0,0,0,0,0,0,0,0
150,1,0,0,0,0,0,0,0
151,0,0,0,0,0,0,0,0
152,0,0,0,0,0,0,0,0
153,0,3,0,0,0,0,0,0
154,0,0,0,0,0,1,1,0
155,0,0,0,0,0,0,0,0
156,0,0,0,0,0,0,0,0
157,0,0,0,0,0,0,0,0
158,0,0,0,0,0,0,0,0
159,0,0,0,1,0,0,1,0
160,0,0,0,0,1,0,0,0
161,1,0,0,0,10,17,26,4
162,0,0,0,0,0,0,0,0
163,0,0,0,0,0,0,0,0
164,0,0,0,0,0,0,0,0
165,1,0,1,1,8,6,8,6
166,0,0,0,0,0,0,0,0
167,1,0,0,1,0,0,1,0
168,2,0,1,0,1,4,5,0
169,0,0,0,0,0,0,0,0
170,0,0,0,0,0,0,0,0
171,0,0,0,0,0,0,0,0
172,0,0,0,0,0,0,0,0
173,1,0,2,0,7,3,11,4
174,0,0,0,0,0,0,0,0
175,0,0,0,0,0,0,0,0
176,0,0,0,0,0,0,0,0
177,0,0,0,0,0,1,2,1
178,2,0,0,0,0,0,0,0
179,1,0,2,0,0,0,2,1
180,0,0,0,0,0,0,0,0
181,9,0,10,9,4,28,20,6
182,1,0,0,0,0,3,0,0
183,4,0,0,1,3,2,6,1
184,0,0,0,0,0,0,0,0
185,2,0,1,0,0,1,0,1
186,0,0,0,0,0,0,0,1
187,1,0,0,1,9,6,6,3
188,0,0,0,0,0,1,1,0
189,0,0,0,0,0,0,0,0
190,0,0,0,0,0,0,0,0
191,1,0,0,0,0,1,0,0
192,2,0,0,0,3,0,11,0
193,4,0,0,0,7,0,17,1
194,0,0,0,0,0,0,0,0
195,0,0,0,0,0,0,0,0
196,0,0,0,0,0,0,1,1
197,0,0,0,0,0,0,0,0
198,0,0,0,0,0,0,0,0
199,0,0,0,0,0,0,0,0
200,1,0,0,1,6,42,22,3
201,3,0,5,0,1,3,2,2
202,0,0,0,0,0,0,0,0
203,4,0,2,0,0,6,6,2
204,2,0,0,3,2,3,6,2
205,1,0,2,0,11,62,22,5
206,0,0,0,0,0,0,0,0
207,0,0,0,0,0,0,0,0
208,1,0,0,0,4,13,13,6
209,0,0,0,0,0,0,0,0
210,0,0,0,0,0,0,0,0
211,0,0,0,0,0,0,0,0
212,0,0,0,0,0,0,0,0
213,0,0,0,6,0,1,0,0
214,0,0,0,0,0,0,0,0
215,0,0,0,6,0,0,0,0
216,2,0,0,1,0,0,1,0
217,2,0,0,0,1,6,2,0
218,0,0,0,0,0,0,0,0
219,0,0,1,0,5,136,8,12
220,1,0,0,0,0,1,0,1
221,1,0,0,0,3,9,11,1
222,1,0,0,0,2,8,12,2
223,0,0,0,0,0,0,0,0
224,0,0,0,0,0,4,0,0
225,0,0,0,0,0,0,0,0
226,0,0,0,0,0,0,0,0
227,0,0,0,0,0,0,0,0
228,0,0,0,0,0,0,0,0
229,0,0,1,0,2,0,11,2
230,0,0,0,0,0,1,0,0
231,5,0,2,2,2,37,1,1
232,0,0,0,0,0,0,0,0
233,0,0,0,0,0,0,0,0
234,0,0,0,0,0,0,0,1
235,3,0,1,0,1,9,9,0
236,0,0,0,0,0,0,0,0
237,0,13,0,0,0,0,0,0
238,0,0,0,0,3,0,0,0
239,0,0,0,0,3,11,2,0
240,1,0,0,0,2,1,1,1
241,1,0,2,0,0,2,0,0
242,1,0,0,0,4,1,4,3
243,2,0,0,0,0,0,0,0
244,1,0,0,0,0,0,2,0
245,0,0,0,0,0,0,0,0
246,0,0,0,0,0,1,0,0
247,2,0,0,0,1,0,0,1
248,0,0,0,0,0,0,0,0
249,0,0,0,0,0,0,0,0
250,0,0,0,0,0,0,0,0
251,0,0,0,0,0,0,0,0
252,0,0,0,0,0,0,0,0
253,3,1,0,46,3,0,1,1
254,2,0,3,6,14,21,23,4
255,0,0,0,1,0,0,0,0
256,0,0,0,0,0,0,0,0
257,0,0,0,0,0,0,0,0
258,2,0,0,5,0,1,0,0
259,0,0,0,0,0,0,2,2
260,0,0,0,0,0,0,0,0
261,1,0,0,0,4,1,4,0
262,0,0,0,1,0,0,1,0
263,0,0,0,0,0,0,0,0
264,0,0,0,0,0,0,0,0
265,0,0,0,0,0,0,0,0
266,0,0,0,0,0,0,0,0
267,4,5,0,1,0,0,0,0
268,2,0,1,1,14,12,10,4
269,4,0,7,2,1,17,11,4
270,0,0,0,0,1,0,0,0
271,0,0,0,0,0,0,0,0
272,2,0,0,0,0,2,1,0
273,0,0,0,0,1,0,0,1
274,0,0,0,10,0,0,0,0
275,2,0,0,0,2,0,1,3
276,0,0,0,0,0,0,0,0
277,2,0,0,0,0,1,0,0
278,0,0,0,0,2,0,0,0
279,0,0,2,1,1,1,5,0
280,1,1,0,0,0,0,0,1
281,2,0,2,0,3,10,18,2
282,0,0,0,0,0,0,0,0
283,0,0,0,0,0,0,0,0
284,0,0,0,0,0,0,0,0
285,0,0,0,0,0,0,0,0
286,2,0,0,1,1,0,0,0
287,2,0,1,1,2,2,18,2
288,2,0,0,0,11,4,12,6
289,0,0,0,0,0,0,0,0
290,3,0,0,0,2,3,0,0
291,0,0,0,0,0,0,0,0
292,1,0,0,0,0,0,0,0
293,0,0,0,2,0,5,0,0
294,0,46,1,1,0,0,0,3
295,0,0,0,0,0,0,1,0
296,2,0,2,5,12,16,17,8
297,0,0,0,0,0,0,0,0
298,0,0,0,2,3,1,0,0
299,1,0,0,2,0,0,0,0
300,0,0,0,0,3,7,4,4
301,1,0,0,1,1,3,3,1
302,2,0,14,3,14,35,28,1
303,0,0,0,0,0,0,0,0
304,0,0,0,0,0,0,0,0
305,1,0,0,0,0,0,1,0
306,3,0,1,6,6,21,7,5
307,0,0,0,0,1,0,0,0
308,0,0,0,0,0,0,0,0
309,0,0,0,0,0,1,0,0
310,0,0,0,0,0,0,0,0
311,0,0,0,0,0,2,0,1
312,0,0,0,0,0,0,0,0
313,0,0,0,0,0,0,0,0
314,0,0,0,0,0,0,0,0
315,0,0,0,27,0,0,1,0
316,7,0,0,17,15,45,62,7
317,0,0,0,0,0,0,0,0
318,1,0,0,0,0,0,0,0
319,0,0,0,0,0,0,0,0
320,0,0,0,0,0,0,0,0
321,0,0,0,0,0,0,1,0
322,0,0,0,0,0,0,0,0
323,0,0,0,0,0,0,0,0
324,1,1,5,2,0,1,5,1
325,0,0,0,0,0,0,1,0
326,0,0,0,0,0,1,0,0
327,2,0,5,1,8,11,13,6
328,3,1,15,41,8,142,31,6
329,0,0,0,0,0,0,0,0
330,0,0,0,0,3,0,4,1
331,1,0,0,0,0,1,0,0
332,3,8,0,3,5,0,5,0
333,0,0,0,0,0,0,0,0
334,0,0,0,0,0,3,3,2
335,0,0,6,0,0,0,0,0
336,0,0,0,0,0,0,0,0
337,7,1,2,1,19,60,31,7
338,0,0,0,0,0,0,0,0
339,0,0,0,0,0,0,0,0
340,3,0,3,0,0,50,2,2
341,0,0,0,2,1,2,1,2
342,3,0,0,1,1,0,3,1
343,0,0,0,0,0,0,0,0
344,2,0,0,0,1,7,14,5
345,3,14,0,0,3,0,0,0
346,0,0,0,0,0,0,0,0
347,0,10,0,3,4,1,0,0
348,0,0,0,1,0,0,0,0
349,0,0,0,0,0,0,0,0
350,0,0,0,0,1,1,8,1
351,0,0,0,1,1,0,2,0
352,1,0,0,0,0,0,0,0
353,3,8,10,1,11,23,23,6
354,2,0,0,0,6,0,4,3
355,3,0,0,0,1,14,17,3
356,2,8,0,0,0,0,0,0
357,0,0,0,0,0,0,0,0
358,1,0,0,0,0,0,0,0
359,0,0,0,0,0,2,0,0
360,0,0,0,0,0,0,0,0
361,0,0,0,0,0,0,0,0
362,0,0,0,0,0,0,0,0
363,0,0,1,0,0,0,1,0
364,2,0,0,0,9,2,10,9
365,0,0,0,0,0,0,0,0
366,0,0,0,0,0,0,0,0
367,0,0,0,0,0,0,0,0
368,1,0,7,2,0,1,5,1
369,0,0,0,0,0,0,0,0
370,0,0,0,0,0,4,0,0
371,1,0,0,0,0,0,0,0
372,2,0,0,0,0,0,0,0
373,0,0,0,0,0,0,0,0
374,5,3,6,2,14,30,18,5
375,2,0,0,0,3,25,11,5
376,1,1,2,0,12,11,28,5
377,0,0,0,0,0,0,0,0
378,0,0,0,0,0,0,0,0
379,0,0,0,0,0,2,1,0
380,1,0,0,0,5,2,10,9
381,1,0,0,0,1,0,0,0
382,0,0,1,1,1,0,0,0
383,1,0,0,0,1,0,0,0
384,0,0,0,0,0,0,0,0
385,1,0,0,0,0,0,0,0
386,0,0,0,4,0,0,0,0
387,0,0,0,0,0,1,1,1
388,1,0,0,0,0,62,0,0
389,1,0,0,1,0,1,0,1
390,0,0,0,0,0,0,0,0
391,0,0,0,0,0,0,0,0
392,0,0,0,0,0,0,0,0
393,0,2,0,0,0,0,0,0
394,0,0,0,0,0,0,0,0
395,0,0,0,3,1,4,4,1
396,1,0,5,0,7,9,15,5
397,0,0,0,0,0,0,0,0
398,0,0,0,0,0,0,0,0
399,0,0,0,0,0,0,0,0
400,0,0,0,7,0,0,1,0
401,0,0,0,0,7,10,3,1
402,1,0,3,3,5,2,4,1
403,0,0,6,1,2,3,3,0
404,0,0,0,0,0,2,0,0
405,0,0,0,0,0,0,0,0
406,0,0,2,0,7,6,15,6
407,0,0,0,0,0,0,0,0
408,0,0,0,0,0,0,0,0
409,7,1,2,0,4,22,5,2
410,0,0,0,0,0,0,0,0
411,0,0,0,0,0,0,0,0
412,2,0,7,2,7,30,14,11
413,0,0,0,1,0,0,1,0
414,0,0,0,0,0,0,2,1
415,0,0,0,0,0,0,0,0
416,2,0,0,0,2,4,6,1
417,0,0,0,0,0,0,0,0
418,0,0,0,0,2,7,8,0
419,0,0,0,1,0,0,0,0
420,1,0,0,0,0,0,0,0
421,0,0,0,0,0,0,0,0
422,0,0,0,0,0,0,0,0
423,5,0,0,0,1,0,0,0
424,0,0,0,0,0,0,0,0
425,0,0,0,0,1,0,2,0
426,0,0,0,0,0,0,0,0
427,0,0,0,0,0,0,0,0
428,0,0,0,0,0,0,0,0
429,0,0,0,1,0,0,1,0
430,0,0,0,1,0,0,0,0
431,1,9,3,9,5,3,13,4
432,0,0,0,0,0,0,0,0
433,0,0,0,0,0,0,0,0
434,0,0,0,0,0,0,0,0
435,0,0,0,1,0,0,0,0
436,1,0,0,0,3,1,6,1
437,0,0,0,0,0,0,0,0
438,3,0,0,0,2,13,10,1
439,0,0,0,0,0,0,0,0
440,0,0,0,0,0,0,0,0
441,2,0,1,0,7,24,9,3
442,0,1,0,0,3,2,11,2
443,1,0,0,0,0,0,0,0
444,0,0,0,1,0,0,0,0
445,0,0,0,1,0,0,0,0
446,2,0,0,1,7,7,19,7
447,2,0,3,0,0,0,1,0
448,0,0,0,0,0,0,0,0
449,0,0,0,0,0,0,0,0
450,1,0,0,0,3,5,4,4
451,1,3,0,0,5,5,7,2
452,0,0,0,0,0,0,0,0
453,10,5,4,0,2,3,11,3
454,1,0,0,0,1,0,1,1
455,0,0,0,0,0,0,0,0
456,1,0,0,19,0,1,1,0
457,0,0,0,0,1,1,2,0
458,0,0,0,0,0,0,0,0
459,0,0,0,1,1,0,0,1
460,0,0,0,0,0,0,0,0
461,2,0,3,1,0,553,4,0
462,0,0,0,0,0,0,0,0
463,0,0,0,1,0,4,2,0
464,0,0,0,0,0,0,0,0
465,2,0,0,0,0,0,0,0
466,3,0,1,46,18,3,7,6
467,0,0,0,0,0,1,0,0
468,0,0,0,0,0,0,0,0
469,0,0,0,3,0,0,0,0
470,0,0,0,0,0,0,0,0
471,0,0,0,0,0,0,0,0
472,0,0,0,0,0,0,0,0
473,1,0,0,0,0,0,0,0
474,4,1,3,0,7,7,3,2
475,2,0,0,0,0,151,0,2
476,0,0,0,0,0,0,0,0
477,0,0,1,0,1,1,2,3
478,0,0,0,0,0,0,0,0
479,0,0,0,0,0,0,0,0
480,1,0,0,1,1,0,0,1
481,2,0,1,0,2,1,2,5
482,1,0,0,0,8,26,36,6
483,2,0,3,0,5,0,14,1
484,0,0,0,0,0,0,0,0
485,2,0,2,0,0,4,2,7
486,1,0,0,0,1,2,2,0
487,0,0,0,1,3,3,9,4
488,0,0,0,0,0,0,0,0
489,2,0,0,0,5,18,13,1
490,0,0,0,0,0,0,0,0
491,0,7,0,0,7,2,5,6
492,0,0,0,0,0,0,0,0
493,0,0,0,0,0,0,0,0
494,0,0,0,0,0,0,2,0
495,1,0,4,30,8,6,4,2
496,0,0,0,0,0,1,0,0
497,0,0,0,0,0,0,0,0
498,3,0,0,0,1,0,0,0
499,0,0,0,0,0,0,0,0
500,0,0,1,0,0,0,1,0
501,0,0,1,0,1,1,2,1
502,0,0,0,0,1,5,0,0
503,0,0,0,0,0,0,0,0
504,0,0,0,0,0,0,0,0
505,4,0,0,0,1,1,0,0
506,0,0,0,0,0,0,0,0
507,2,0,0,0,2,7,2,5
508,0,0,0,0,0,0,0,0
509,1,0,0,1,0,0,0,0
510,5,7,1,2,2,4,3,2
511,0,0,0,0,0,0,0,0
512,0,0,0,0,0,0,0,0
513,0,0,0,0,0,0,0,0
514,0,0,0,0,0,0,0,0
515,0,0,0,0,0,0,0,0
516,4,0,1,3,4,5,0,0
517,0,0,0,0,0,0,0,0
518,0,0,0,0,0,0,0,0
519,3,0,7,0,1,4,13,9
520,2,0,1,0,4,54,24,3
521,1,0,2,2,5,3,2,0
522,1,0,0,1,0,1,2,0
523,3,0,0,0,4,23,20,5
524,0,0,0,0,0,0,0,0
525,1,0,0,0,1,0,0,1
526,0,0,0,0,0,0,0,0
527,0,0,0,0,0,0,0,0
528,0,0,0,0,0,0,1,0
529,0,0,0,0,3,7,16,2
530,0,0,0,1,0,0,0,0
531,0,0,0,0,0,0,2,0
532,0,0,1,0,1,2,0,0
533,0,0,0,0,0,0,0,0
534,0,0,0,0,2,0,1,0
535,1,0,3,0,1,10,12,4
536,0,0,0,0,2,0,0,0
537,0,0,0,6,0,0,0,0
538,0,0,0,3,0,0,0,0
539,0,0,0,0,0,0,0,0
540,0,0,0,7,0,0,0,0
541,3,0,1,10,11,8,9,1
542,0,0,0,0,0,0,0,0
543,0,0,0,1,0,0,0,0
544,0,0,0,0,0,0,0,0
545,1,0,0,0,0,1,1,0
546,2,0,0,8,0,1,2,0
547,0,0,0,0,0,0,1,0
548,1,0,0,0,0,0,0,0
549,1,0,0,0,1,9,9,3
550,4,0,9,2,11,22,11,2
551,0,0,0,0,0,2,0,0
552,3,0,0,0,0,0,0,0
553,0,0,0,0,0,0,0,0
554,4,0,1,0,10,15,25,9
555,1,0,1,0,7,2,7,3
556,1,0,0,0,5,12,28,5
557,0,0,0,0,0,0,0,0
558,0,0,0,0,0,0,1,0
559,0,0,0,0,0,0,0,0
560,0,0,0,0,0,0,0,0
561,1,0,0,1,2,3,6,1
562,0,0,0,0,0,0,0,0
563,0,0,0,0,2,0,0,1
564,0,0,0,0,1,0,0,0
565,0,0,0,0,0,0,0,0
566,1,0,4,0,1,1,3,5
567,0,0,0,0,0,0,0,0
568,0,0,0,0,0,0,0,0
569,0,0,0,0,0,0,0,0
570,5,0,0,0,2,3,3,2
571,0,0,0,0,0,0,0,0
572,0,1,0,0,0,0,0,1
573,1,0,0,0,0,0,1,0
574,0,0,0,0,0,10,7,1
575,0,0,0,0,0,0,0,0
576,6,0,0,2,1,0,2,2
577,0,0,0,0,0,0,0,0
578,0,0,0,0,0,0,0,0
579,0,0,0,0,0,0,0,0
580,1,0,0,0,0,1,0,4
581,0,0,0,0,0,0,0,0
582,0,0,0,0,0,0,0,0
583,0,0,0,0,0,7,8,2
584,0,0,0,0,0,0,0,0
585,4,0,0,1,8,17,29,5
586,4,0,0,0,5,7,12,7
587,4,0,1,0,1,7,10,4
588,1,0,0,0,0,0,0,0
589,0,0,0,0,0,0,0,0
590,0,0,0,0,0,0,0,0
591,3,0,0,0,2,2,8,2
592,1,0,0,0,0,4,0,0
593,1,0,0,4,1,19,17,1
594,0,0,0,0,0,0,0,0
595,0,0,0,0,0,1,0,0
596,2,0,1,0,2,6,10,1
597,0,0,0,0,0,0,0,0
598,0,0,0,0,0,0,0,0
599,11,0,0,0,2,32,18,6
600,0,0,0,0,0,0,0,0
601,0,0,0,0,3,5,0,4
602,0,0,0,0,0,5,0,0
603,0,0,0,0,0,0,0,0
604,0,0,0,0,0,0,0,0
605,1,0,0,0,0,0,0,0
606,0,0,0,0,0,0,0,0
607,0,0,0,0,0,0,0,0
608,0,0,0,0,0,0,0,0
609,0,0,0,0,0,0,0,0
610,0,0,0,0,0,0,0,0
611,0,0,0,0,0,0,0,0
612,9,0,3,0,0,23,5,2
613,0,0,0,0,0,5,0,0
614,0,0,0,0,0,0,0,0
615,0,0,0,0,0,0,0,0
616,1,0,0,1,0,0,0,0
617,0,0,0,0,0,0,0,0
618,0,0,0,0,0,0,0,0
619,0,7,0,2,0,0,0,0
620,0,0,0,0,1,0,0,0
621,1,0,0,0,4,5,7,4
622,0,0,0,0,0,0,0,0
623,2,0,0,0,2,5,4,0
624,6,1,9,1,5,5,10,2
625,0,0,0,0,0,2,0,0
626,1,0,9,3,12,92,64,12
627,0,0,0,0,0,0,0,0
628,0,0,0,0,0,0,0,0
629,0,0,0,0,0,1,0,0
630,0,0,0,3,0,0,2,0
631,0,0,0,0,0,0,0,0
632,0,0,0,0,0,0,0,0
633,1,0,0,0,0,1,0,1
634,0,0,0,0,0,1,0,0
635,0,0,0,0,0,0,0,0
636,0,0,0,0,0,0,0,0
637,0,0,0,0,0,0,0,0
638,8,0,1,15,2,57,7,2
639,0,0,0,0,0,0,0,0
640,0,0,0,4,0,0,0,0
641,0,0,0,0,0,0,0,0
642,1,0,0,4,4,5,9,4
643,0,0,11,0,0,3,0,0
644,2,0,0,0,3,1,0,1
645,2,0,2,11,4,8,21,5
646,0,0,0,0,0,0,0,0
647,0,0,0,0,0,0,0,0
648,0,0,0,0,0,0,0,0
649,0,0,0,0,0,0,0,0
650,0,0,0,0,0,0,0,0
651,2,0,0,0,3,6,6,3
652,0,0,0,0,0,0,0,0
653,0,0,0,0,0,0,0,0
654,2,1,0,0,1,0,2,5
655,4,0,0,0,2,10,6,0
656,0,0,0,0,0,0,0,0
657,0,0,0,5,0,2,1,0
658,0,0,0,0,0,0,0,0
659,2,3,0,0,1,3,8,5
660,3,0,0,0,0,0,0,0
661,0,0,0,0,0,0,0,0
662,1,0,0,0,2,1,1,4
663,0,0,0,0,0,0,0,0
664,1,0,0,0,0,0,0,0
665,0,0,0,0,0,0,0,0
666,0,0,0,0,0,0,0,0
667,5,0,0,1,1,67,7,1
668,0,0,0,0,0,0,0,0
669,0,9,0,0,1,2,1,3
670,0,0,0,0,0,0,0,0
671,0,0,0,0,0,0,0,0
672,0,0,0,0,0,0,0,0
673,0,3,0,5,0,0,1,1
674,0,0,0,0,0,0,1,0
675,0,0,0,0,1,0,0,0
676,1,0,0,5,0,0,0,0
677,0,2,0,0,0,0,0,1
678,1,0,3,0,2,270,15,5
679,2,0,0,0,0,0,0,0
680,1,0,1,0,0,1,0,0
681,0,0,0,2,0,0,0,0
682,1,1,0,0,13,23,30,3
683,0,0,0,0,0,0,0,0
684,1,18,0,1,0,0,1,1
685,0,0,0,0,0,0,0,0
686,2,0,0,0,3,2,1,1
687,0,0,0,0,0,0,0,0
688,0,0,0,0,0,0,0,0
689,0,0,5,0,0,1,4,0
690,4,0,3,1,8,3,9,5
691,0,0,0,0,0,0,0,0
692,0,0,0,0,0,0,0,0
693,0,0,0,0,0,0,0,0
694,0,0,0,0,0,0,0,0
695,0,0,0,0,1,0,0,0
696,0,0,0,0,0,0,0,0
697,0,0,0,0,0,0,0,0
698,2,1,0,0,1,2,2,1
699,0,0,0,0,0,0,0,0
700,0,0,0,0,0,0,0,0
701,0,0,0,0,0,1,0,0
702,0,0,0,0,0,0,0,0
703,0,0,0,0,0,0,0,0
704,0,0,0,1,0,0,0,0
705,0,0,0,0,0,0,0,0
706,0,0,0,0,0,0,0,0
707,0,0,0,0,0,0,0,0
708,0,0,0,0,0,0,0,0
709,0,0,0,0,0,0,0,0
710,5,1,12,24,11,22,23,7
711,2,0,0,2,2,1,1,0
712,0,0,0,0,0,0,0,0
713,0,0,0,0,0,0,0,0
714,1,0,0,0,0,0,0,0
715,2,0,0,0,1,1,0,0
716,0,0,0,0,0,0,0,0
717,0,0,0,0,0,0,0,0
718,0,0,0,0,0,0,0,0
719,0,0,0,0,0,0,0,0
720,0,0,0,0,2,0,1,1
721,0,0,0,0,0,0,0,0
722,0,0,0,8,0,0,0,0
723,0,0,0,0,0,0,0,0
724,0,0,0,8,0,0,1,0
725,0,0,0,30,2,0,2,1
726,0,0,0,0,0,0,0,0
727,0,0,0,0,0,0,0,0
728,0,0,0,0,2,0,0,0
729,1,0,0,0,0,0,0,0
730,1,0,0,0,1,7,2,2
731,1,0,0,0,0,9,0,2
732,0,0,0,0,1,0,0,0
733,2,0,0,0,2,14,24,10
734,0,0,0,3,0,6,5,0
735,3,7,1,7,6,20,10,5
736,1,0,0,4,3,13,26,2
737,0,0,0,0,0,0,0,0
738,0,0,0,0,0,1,2,0
739,0,0,0,0,0,0,0,0
740,1,0,0,1,0,15,6,1
741,0,0,0,0,0,0,0,0
742,0,0,0,0,0,0,0,0
743,1,0,1,0,2,0,2,1
744,2,0,0,3,0,0,1,0
745,0,0,0,0,0,0,0,0
746,0,0,0,0,0,0,0,0
747,0,0,0,0,0,0,0,0
748,1,0,0,1,3,2,3,3
749,1,0,0,0,1,1,6,2
750,0,0,0,0,0,0,0,0
751,0,0,0,0,0,0,0,0
752,0,0,0,0,0,0,0,0
753,0,0,0,0,0,0,0,0
754,0,0,0,0,0,0,0,0
755,3,0,3,0,4,4,17,1
756,0,0,0,0,0,0,0,0
757,1,0,0,0,2,1,3,0
758,1,0,1,1,5,13,11,3
759,0,0,0,4,2,1,5,3
760,3,0,9,17,12,66,27,8
761,1,0,0,1,0,0,0,0
762,0,0,0,1,2,0,1,2
763,0,0,0,0,0,0,0,0
764,0,0,0,4,0,0,0,0
765,0,0,0,0,0,0,0,0
766,0,0,0,0,0,0,0,0
767,2,0,0,1,6,1,11,4
768,0,0,0,0,1,0,0,0
769,0,0,0,0,0,0,0,0
770,1,0,4,1,7,15,27,7
771,1,0,0,0,2,1,2,0
772,0,0,0,0,0,0,0,0
773,0,0,0,0,0,0,0,0
774,0,0,0,0,0,0,0,0
775,1,0,0,1,1,7,2,2
776,0,0,0,0,0,0,0,0
777,0,0,0,0,0,0,0,0
778,0,0,0,0,0,0,0,0
779,0,0,0,0,0,0,0,0
780,0,0,0,15,0,0,0,0
781,0,0,0,0,0,0,0,0
782,5,0,0,0,5,4,18,3
783,1,0,0,0,6,5,4,4
784,2,0,0,2,1,0,1,1
785,2,0,0,3,1,2,9,4
786,1,0,0,0,1,8,10,2
787,0,0,0,0,0,0,0,2
788,0,0,0,0,4,0,1,0
789,2,0,0,0,0,0,0,0
790,0,0,0,0,0,0,0,0
791,0,0,0,0,0,0,0,0
792,0,0,0,0,1,0,0,0
793,0,0,0,0,0,0,0,0
794,2,0,0,0,3,1,3,4
795,1,0,0,0,0,0,0,0
796,0,0,0,0,0,0,0,0
797,2,1,2,13,15,8,8,2
798,0,0,0,0,0,33,8,3
799,0,0,0,0,0,0,0,0
800,0,0,0,0,0,0,0,0
801,2,0,1,0,2,66,19,1
802,0,0,0,0,0,0,0,0
803,1,0,0,4,8,29,29,3
804,0,0,0,0,0,1,1,0
805,1,0,0,0,2,58,16,2
806,2,0,1,0,2,204,2,1
807,0,0,0,0,0,0,0,0
808,0,0,0,0,0,0,0,0
809,0,0,0,0,0,0,0,0
810,9,4,1,3,3,7,1,3
811,0,0,0,0,0,0,0,0
812,1,0,0,1,3,4,8,3
813,0,0,0,0,1,1,0,0
814,2,0,0,0,2,0,1,2
815,2,0,0,0,1,2,2,1
816,1,0,0,0,4,0,4,3
817,0,0,0,0,0,0,0,0
818,0,0,0,0,0,0,0,0
819,0,0,0,0,0,0,0,0
820,1,0,0,0,0,0,0,0
821,2,0,1,0,3,3,2,2
822,0,1,0,0,3,58,2,7
823,1,0,0,0,0,2,0,0
824,2,0,0,0,0,11,0,0
825,0,0,0,0,0,0,0,0
826,0,0,0,0,0,0,0,0
827,0,0,0,0,0,0,2,0
828,5,0,0,0,3,21,14,7
829,1,0,0,0,0,0,0,0
830,0,0,0,0,0,0,0,0
831,0,0,0,0,0,0,0,0
832,0,0,0,11,0,0,0,0
833,0,0,0,0,0,0,0,0
834,1,0,0,0,0,2,1,0
835,0,0,0,0,0,0,0,0
836,5,0,1,7,0,4,10,1
837,2,0,0,3,2,0,0,1
838,0,0,0,0,0,0,0,0
839,2,13,0,12,0,0,2,2
840,1,0,0,1,0,0,0,0
841,0,0,0,0,0,1,0,0
842,1,0,0,0,9,5,7,6
843,0,0,0,0,0,0,0,0
844,0,0,0,0,0,0,0,0
845,1,4,0,0,1,2,12,4
846,0,0,0,0,0,0,0,0
847,0,0,0,1,8,7,9,3
848,1,0,0,0,3,16,1,2
849,1,0,0,0,0,1,0,0
850,0,0,0,0,0,0,0,0
851,0,26,0,5,5,0,1,0
852,0,0,0,1,0,0,0,0
853,0,0,0,0,0,0,0,0
854,1,0,0,1,10,2,6,2
855,0,0,0,0,0,0,0,0
856,1,0,0,0,2,21,12,4
857,0,0,0,0,0,13,10,4
858,0,0,0,0,0,0,0,0
859,3,0,1,0,11,22,21,7
860,2,0,0,0,1,0,0,0
861,0,0,0,0,0,0,0,0
862,0,0,0,0,0,0,0,0
863,0,0,1,0,0,0,0,0
864,0,0,0,0,0,0,0,0
865,0,0,0,0,0,0,0,0
866,0,0,0,0,0,0,0,0
867,0,0,0,0,0,0,0,0
868,0,0,0,0,0,0,0,0
869,2,0,0,0,0,1,2,0
870,1,0,0,0,0,1,0,0
871,3,0,5,1,0,2,4,1
872,0,1,0,12,1,0,2,0
873,0,0,0,0,0,0,0,0
874,0,0,0,0,0,0,0,0
875,1,0,0,20,0,0,1,0
876,0,0,0,0,0,0,0,0
877,1,0,0,0,0,0,0,0
878,2,0,1,15,9,28,26,5
879,0,0,0,1,0,0,0,0
880,0,0,0,0,0,0,0,0
881,0,0,0,0,0,0,0,0
882,0,0,0,0,0,0,0,0
883,1,0,0,0,0,0,1,0
884,4,29,8,3,11,4,9,2
885,0,0,0,1,0,0,0,0
886,2,0,0,0,0,0,0,0
887,0,0,0,2,0,0,0,0
888,1,0,0,0,0,0,0,0
889,0,0,2,0,0,2,11,2
890,1,1,0,0,4,12,4,5
891,0,0,0,1,4,12,14,1
892,0,0,0,0,0,0,0,0
893,0,0,0,0,0,0,0,1
894,0,0,0,0,0,0,0,0
895,0,0,0,0,0,2,0,0
896,0,0,0,0,0,0,0,0
897,0,0,0,0,0,0,0,0
898,0,0,0,0,0,0,0,0
899,0,0,0,0,0,0,0,0
900,0,0,0,1,0,0,0,0
901,1,0,0,0,0,2,0,0
902,3,0,0,0,1,9,13,1
903,1,2,1,0,6,14,8,4
904,0,0,1,0,3,3,1,2
905,3,0,3,1,8,35,18,3
906,0,1,0,0,0,0,0,0
907,0,0,0,0,0,0,0,0
908,0,0,0,12,1,1,1,0
909,0,0,0,1,2,3,7,0
910,0,0,0,0,0,0,0,0
911,0,0,1,0,0,0,0,0
912,0,0,0,0,0,0,0,0
913,9,0,17,5,7,13,8,6
914,0,0,0,0,0,0,0,0
915,1,0,0,0,1,0,1,0
916,0,0,0,1,0,0,0,0
917,0,0,0,0,0,0,0,0
918,0,0,0,0,0,0,0,0
919,0,0,0,0,0,0,0,0
920,0,0,0,0,0,0,0,0
921,1,0,0,0,6,10,2,1
922,0,0,0,0,0,0,0,0
923,1,0,1,14,2,5,2,1
924,1,0,0,52,0,0,1,0
925,1,0,0,0,1,0,1,0
926,0,0,0,0,0,0,0,0
927,7,0,0,0,1,0,0,2
928,0,0,0,0,0,0,0,0
929,0,0,0,0,0,0,0,0
930,0,0,0,0,0,10,3,0
931,0,0,0,0,0,0,0,0
932,0,0,0,1,0,0,0,0
933,0,0,0,0,0,0,0,0
934,0,0,0,0,0,0,0,0
935,5,0,0,0,0,2,2,3
936,0,0,0,0,0,0,0,0
937,1,0,0,0,3,0,2,0
938,0,0,0,0,0,0,0,0
939,1,0,0,0,0,1,46,0
940,1,0,1,10,7,4,8,4
941,0,0,0,0,0,0,0,0
942,3,0,1,2,2,195,3,2
943,0,0,0,0,0,0,0,0
944,0,0,0,0,0,0,0,0
945,2,0,0,1,1,0,8,5
946,0,0,0,3,0,0,0,0
947,0,0,0,0,0,0,0,0
948,0,0,0,0,0,0,0,0
949,2,0,0,0,4,4,7,6
950,0,0,0,0,0,0,0,0
951,1,0,0,17,0,0,0,0
952,0,0,0,0,0,0,0,0
953,0,0,1,2,0,0,0,1
954,2,0,0,0,3,11,20,2
955,0,0,0,0,0,0,0,0
956,1,0,0,1,7,21,12,6
957,0,0,0,0,0,0,0,0
958,0,0,0,0,0,0,0,0
959,0,0,0,1,1,9,1,0
960,0,0,0,0,1,0,0,0
961,0,0,0,0,2,0,0,0
962,0,0,0,0,0,0,0,0
963,1,0,0,0,3,6,4,1
964,0,0,0,1,0,7,1,0
965,0,0,0,0,0,0,0,0
966,0,0,0,0,0,1,0,0
967,1,0,1,7,11,63,48,7
968,0,0,0,0,0,0,0,0
969,0,0,0,0,0,0,0,0
970,0,0,0,0,0,3,5,1
971,0,0,0,0,0,0,0,0
972,0,0,0,0,0,0,0,0
973,0,0,0,0,0,0,0,0
974,0,0,0,0,0,0,0,0
975,3,0,0,1,10,24,25,12
976,1,0,0,0,5,12,9,3
977,0,0,0,0,0,0,0,0
978,0,3,0,0,0,1,2,1
979,0,0,0,0,0,0,0,0
980,0,0,1,0,1,2,6,2
981,0,0,0,0,0,0,0,0
982,0,0,0,0,0,0,0,0
983,0,0,0,0,0,0,0,0
984,0,0,0,0,0,0,0,0
985,0,0,0,0,0,0,0,0
986,1,0,0,0,6,9,6,1
987,0,0,0,0,0,0,0,0
988,1,0,0,0,1,0,0,0
989,0,0,0,0,0,0,0,0
990,9,0,1,1,0,0,13,0
991,0,0,1,0,0,35,4,4
992,0,0,0,1,0,0,0,0
993,0,0,0,0,0,0,0,0
994,0,0,0,0,1,5,2,3
995,2,0,14,1,1,5,1,0
996,0,0,2,0,0,1,0,0
997,0,0,0,0,0,0,0,0
998,3,1,2,3,13,21,48,8
999,1,2,0,0,0,2,1,0
1000,4,0,16,3,17,36,73,9
1001,2,11,0,0,5,5,6,3
1002,2,0,0,0,3,0,4,2
1003,0,0,0,0,0,0,0,0
1004,0,0,0,0,0,0,0,0
1005,1,0,0,0,0,0,0,0
1006,0,0,0,0,0,0,0,0
1007,0,0,0,0,0,0,0,0
1008,0,0,0,0,0,0,0,0
1009,1,0,0,0,0,1,0,0
1010,0,0,0,1,0,0,0,0
1011,0,0,0,0,0,0,0,0
1012,1,0,0,0,0,0,1,2
1013,0,0,0,0,0,0,0,0
1014,4,0,11,5,8,29,32,3
1015,0,0,0,0,0,0,0,0
1016,0,0,0,0,0,0,0,0
1017,2,0,0,0,1,0,1,2
1018,0,0,0,0,0,0,0,0
1019,0,0,0,0,0,2,1,0
1020,2,0,0,0,4,0,3,2
1021,2,0,3,0,0,6,8,2
1022,0,0,0,0,0,0,0,0
1023,0,0,0,0,0,1,2,2
1024,1,0,3,7,6,2,1,2
1025,1,1,0,0,0,0,0,1
1026,0,0,0,0,0,0,0,0
1027,0,0,0,0,0,0,0,0
1028,2,0,0,0,0,0,1,0
1029,3,0,0,0,0,0,0,0
1030,0,0,0,0,0,0,0,0
1031,0,0,0,0,0,0,0,0
1032,0,0,0,0,0,0,0,0
1033,0,0,0,0,0,0,0,0
1034,6,0,0,0,0,0,2,0
1035,0,0,0,0,0,1,0,0
1036,0,0,0,0,0,0,0,0
1037,1,0,0,0,0,1,0,0
1038,0,0,0,0,1,0,0,0
1039,0,0,1,0,0,0,2,0
1040,0,0,0,0,0,0,0,0
1041,0,0,0,0,0,0,0,0
1042,0,0,0,0,0,0,0,0
1043,0,0,0,0,0,0,0,0
1044,5,0,2,2,3,7,20,2
1045,2,0,2,1,4,62,4,3
1046,0,0,0,0,0,0,0,0
1047,0,0,0,0,0,0,0,0
1048,0,0,0,0,0,0,0,0
1049,1,0,0,0,0,1,0,0
1050,0,0,0,0,2,2,1,0
1051,0,0,0,0,0,0,0,0
1052,0,0,0,13,0,0,0,0
1053,1,0,2,1,1,8,3,0
1054,0,0,0,0,0,0,0,0
1055,0,0,0,0,0,0,0,0
1056,3,0,0,0,1,12,2,1
1057,1,0,0,0,2,2,4,3
1058,3,0,0,1,2,0,1,0
1059,0,0,0,0,0,0,0,0
1060,2,0,0,1,5,11,11,1
1061,1,1,3,12,1,1,3,1
1062,0,0,0,1,0,0,0,0
1063,0,0,0,0,0,0,0,0
1064,1,1,2,0,5,12,17,7
1065,0,0,0,0,0,0,0,0
1066,3,0,1,0,7,12,4,1
1067,0,25,0,2,0,2,4,3
1068,0,0,0,0,0,0,0,0
1069,0,0,0,1,0,0,0,0
1070,0,0,0,0,0,0,0,0
1071,1,0,0,0,0,0,0,0
1072,1,0,0,0,0,1102,0,3
1073,0,0,0,0,0,0,0,0
1074,1,0,0,0,0,0,0,0
1075,1,0,0,0,0,0,0,0
1076,1,0,1,0,10,11,15,8
1077,0,0,0,0,0,0,0,0
1078,0,0,0,0,0,0,0,0
1079,0,0,0,0,0,0,0,0
1080,1,0,0,0,0,0,0,0
1081,0,0,0,0,0,1,0,1
1082,3,0,1,5,0,0,1,0
1083,0,0,0,1,0,0,0,0
1084,0,0,0,0,0,0,0,0
1085,1,0,0,0,4,4,12,3
1086,1,8,0,9,28,10,13,5
1087,0,0,0,0,0,0,0,0
1088,0,0,0,0,0,0,0,0
1089,0,0,0,0,0,0,0,0
1090,1,0,0,0,2,7,5,4
1091,0,0,0,0,0,0,0,0
1092,5,0,2,3,5,24,8,2
1093,1,0,0,0,0,2,0,0
1094,0,0,0,0,0,0,0,0
1095,0,0,0,0,0,0,0,0
1096,0,0,0,4,0,0,0,0
1097,1,0,0,0,0,0,0,0
1098,1,0,0,3,0,0,0,0
1099,0,0,0,0,0,0,0,0
1100,2,0,0,0,0,0,0,0
1101,0,0,0,0,0,1,0,0
1102,1,1,0,0,12,19,41,12
1103,0,0,0,0,4,2,6,2
1104,0,0,0,0,6,3,8,5
1105,3,0,0,0,2,5,0,0
1106,0,0,0,0,0,2,1,0
1107,0,0,0,0,0,0,0,0
1108,0,0,0,0,0,0,0,0
1109,0,0,0,0,0,0,0,0
1110,1,2,0,3,9,13,19,5
1111,0,0,0,0,0,0,0,0
1112,0,0,0,0,0,0,3,0
1113,0,0,0,0,0,0,0,0
1114,0,0,2,0,0,9,0,0
1115,0,0,0,0,0,0,0,0
1116,0,0,0,0,0,0,0,0
1117,3,0,1,0,11,36,40,6
1118,0,0,0,0,0,0,0,0
1119,0,0,0,0,0,1,0,0
1120,0,0,0,0,0,0,0,0
1121,0,0,0,0,0,0,0,0
1122,0,0,0,0,0,0,0,0
1123,2,0,0,1,5,16,9,3
1124,1,0,1,1,4,0,2,2
1125,0,19,1,5,1,4,9,4
1126,1,0,0,0,1,0,2,1
1127,1,0,0,0,0,1,0,0
1128,2,0,1,3,3,14,25,8
1129,0,0,0,0,0,0,0,0
1130,0,0,0,4,0,0,1,0
1131,3,0,0,0,2,12,14,10
1132,1,0,0,0,0,0,0,0
1133,4,0,3,0,9,14,29,9
1134,0,0,0,0,0,0,0,0
1135,0,0,0,0,2,3,2,2
1136,3,0,0,1,2,8,9,6
1137,0,0,0,0,5,12,22,5
1138,0,0,0,1,1,0,0,3
1139,0,0,0,1,0,0,0,0
1140,1,2,1,0,3,0,2,2
1141,1,0,1,0,0,4,0,1
1142,0,0,0,0,0,0,0,0
1143,1,0,0,0,2,7,16,2
1144,0,0,0,9,0,0,1,0
1145,0,0,0,0,0,0,0,0
1146,0,0,0,0,0,0,0,0
1147,0,0,0,0,2,3,5,0
1148,1,0,0,0,0,3,0,0
1149,3,0,1,1,8,20,50,10
1150,0,0,0,0,0,0,2,0
1151,2,0,0,2,9,24,37,6
1152,1,0,1,0,7,10,20,6
1153,0,0,0,0,0,0,0,0
1154,0,0,0,0,0,1,2,0
1155,2,0,0,1,1,3,1,1
1156,3,0,0,0,10,2,15,3
1157,0,0,0,1,0,0,0,0
1158,3,0,0,1,3,2,6,1
1159,0,0,0,0,0,0,0,0
1160,0,0,0,0,0,0,0,0
1161,2,0,0,2,4,7,3,5
1162,0,0,0,0,4,0,0,0
1163,2,0,0,0,2,0,6,1
1164,0,0,0,0,0,0,0,0
1165,0,0,0,0,0,0,0,0
1166,2,0,0,2,1,3,1,1
1167,1,0,0,0,0,0,0,0
1168,0,0,0,0,0,0,0,0
1169,0,0,1,4,5,4,2,3
1170,0,0,0,0,0,0,0,1
1171,0,0,0,0,0,0,0,0
1172,0,0,0,0,1,0,2,1
1173,2,0,2,0,5,0,10,0
1174,0,0,0,0,0,0,0,0
1175,1,0,0,0,0,0,1,1
1176,0,0,0,0,0,0,0,0
1177,1,0,0,0,0,0,0,0
1178,0,0,0,1,0,0,0,0
1179,0,0,0,0,0,0,0,0
1180,2,0,0,0,0,0,0,0
1181,0,0,0,0,0,0,0,0
1182,0,0,0,0,0,0,0,0
1183,0,0,0,0,0,0,0,0
1184,2,0,2,2,10,9,39,5
1185,6,0,1,1,1,16,33,10
1186,0,0,0,0,0,0,0,0
1187,4,0,0,0,1,2,1,0
1188,0,0,0,0,0,0,0,0
1189,0,0,0,0,0,0,0,0
1190,0,0,0,8,1,1,2,0
1191,0,0,0,0,0,0,0,0
1192,1,0,0,0,0,0,0,0
1193,0,0,0,0,0,0,0,0
1194,0,0,0,0,0,0,0,0
1195,0,0,0,0,0,0,0,0
1196,2,0,0,1,1,0,1,0
1197,0,0,0,0,0,0,0,0
1198,0,0,0,0,1,0,0,1
1199,3,5,22,1,10,23,30,13
1200,1,0,0,0,0,0,1,0
1201,1,0,0,0,4,2,3,3
1202,6,13,11,4,1,39,22,5
1203,3,0,0,0,0,7,0,0
1204,0,0,0,0,0,0,0,0
1205,0,0,0,0,0,0,0,0
1206,0,0,0,0,0,0,0,0
1207,1,0,1,0,3,2,3,1
1208,0,0,0,0,0,0,0,0
1209,1,2,0,0,0,0,1,0
1210,1,0,0,1,9,10,12,7
1211,0,0,0,0,0,0,0,0
1212,0,0,0,0,0,0,0,0
1213,1,0,0,2,0,0,0,0
1214,0,0,0,0,0,0,0,0
1215,0,0,0,0,0,0,0,0
1216,3,0,18,3,16,15,12,16
1217,2,0,0,0,6,6,12,1
1218,0,0,0,0,0,1,0,0
1219,0,0,0,0,0,0,0,0
1220,0,0,0,0,0,0,0,0
1221,2,0,0,0,0,2,0,1
1222,0,0,0,0,0,0,0,0
1223,0,0,0,0,0,0,0,0
1224,0,0,0,0,0,0,0,2
1225,1,0,0,0,0,0,2,0
1226,0,0,0,0,0,0,0,0
1227,0,0,0,0,0,1,0,0
1228,0,0,1,0,0,0,2,0
1229,8,0,0,0,4,31,16,1
1230,3,0,0,0,4,14,25,5
1231,0,0,0,0,0,0,0,0
1232,0,0,0,3,0,0,0,0
1233,0,0,0,0,0,0,0,0
1234,2,1,4,4,21,35,32,14
1235,4,9,0,9,6,7,5,3
1236,3,0,0,1,6,0,4,2
1237,0,0,0,0,0,0,0,0
1238,0,0,0,0,0,0,0,0
1239,0,0,0,0,0,0,0,0
1240,0,0,0,1,0,0,0,0
1241,1,0,0,3,3,5,9,5
1242,0,0,0,6,0,0,0,0
1243,1,0,2,20,6,5,16,1
1244,0,0,0,1,0,0,0,0
1245,0,0,0,0,0,0,0,0
1246,2,0,1,9,5,6,22,4
1247,1,0,0,0,0,8,5,0
1248,2,0,0,2,0,0,0,0
1249,0,0,0,0,0,0,0,0
1250,0,0,0,0,0,0,0,0
1251,1,0,0,0,0,0,0,0
1252,0,0,0,0,0,0,0,0
1253,2,0,0,0,1,41,7,0
1254,0,0,0,0,0,0,0,0
1255,3,0,11,0,0,0,7,1
1256,2,0,0,0,0,0,0,0
1257,0,0,0,0,3,0,0,1
1258,0,0,0,0,0,0,0,0
1259,0,0,0,0,0,0,0,0
1260,3,0,0,1,0,13,21,2
1261,2,0,0,1,2,16,5,2
1262,0,0,0,12,0,0,2,0
1263,7,7,0,2,2,5,14,0
1264,1,0,0,1,3,14,14,2
1265,8,1,8,5,12,15,17,7
1266,0,0,0,0,0,0,0,1
1267,0,0,0,0,0,0,0,0
1268,0,0,0,0,0,0,0,0
1269,1,1,0,0,7,30,26,5
1270,0,0,0,0,0,0,0,0
1271,0,0,0,0,0,0,0,0
1272,2,0,4,0,5,24,0,1
1273,4,28,1,9,1,1,0,0
1274,1,0,0,1,5,6,6,6
1275,0,0,0,0,0,0,0,0
1276,1,0,0,0,0,1,2,0
1277,0,0,0,1,1,0,2,0
1278,0,0,0,0,0,0,0,0
1279,1,0,0,0,0,0,1,0
1280,0,0,0,0,0,4,4,0
1281,1,0,0,0,0,9,8,0
1282,0,0,0,0,0,0,0,0
1283,0,0,0,0,0,0,0,0
1284,3,0,0,1,1,15,16,4
1285,0,0,0,0,0,1,0,1
1286,1,0,0,0,0,0,1,0
1287,3,0,1,14,0,0,4,0
1288,0,0,0,0,0,0,0,0
1289,0,0,0,0,0,0,0,0
1290,0,0,0,0,0,0,0,0
1291,0,0,0,0,0,0,0,0
1292,2,0,0,1,8,13,18,5
1293,0,0,0,0,0,0,0,0
1294,1,0,0,5,0,0,0,0
1295,1,0,0,0,0,9,3,0
1296,0,0,0,0,0,0,0,0
1297,0,0,0,0,0,0,0,0
1298,2,0,0,0,2,7,18,4
1299,5,0,20,4,12,34,17,3
1300,0,0,0,1,0,0,0,0
1301,0,0,0,0,0,0,0,0
1302,1,0,0,0,2,14,11,2
1303,4,0,0,0,0,0,0,0
1304,2,0,0,2,0,0,4,0
1305,2,6,1,0,5,12,8,5
1306,0,0,0,0,0,0,0,0
1307,0,0,0,1,0,0,0,0
1308,0,0,0,0,0,0,0,0
1309,0,0,0,0,0,0,1,0
1310,3,0,6,0,0,9,10,2
1311,0,0,0,0,0,0,0,0
1312,0,0,0,0,0,0,0,0
1313,1,0,0,2,1,1,6,0
1314,3,0,0,0,5,0,3,6
1315,2,0,3,0,3,9,7,3
1316,0,0,8,1,2,6,6,3
1317,1,0,0,1,0,0,1,0
1318,0,0,0,0,0,0,0,0
1319,0,0,0,0,0,0,0,0
1320,0,0,0,0,0,0,4,0
1321,1,2,3,0,0,0,1,0
1322,0,0,0,0,0,0,1,0
1323,0,0,0,2,0,0,0,0
1324,2,0,0,0,0,0,4,0
1325,0,0,0,1,0,2,2,0
1326,0,0,0,0,0,0,0,0
1327,0,0,0,0,0,3,0,0
1328,0,0,0,0,0,0,0,0
1329,2,0,0,3,2,6,6,2
1330,1,0,0,4,0,0,0,0
1331,0,0,0,0,0,0,0,0
1332,0,0,0,0,0,0,0,0
1333,0,0,0,0,0,0,0,0
1334,0,0,0,0,0,0,0,0
1335,0,0,0,0,0,0,0,0
1336,0,0,0,0,0,0,0,0
1337,0,0,0,0,0,0,0,0
1338,1,0,0,0,0,1,4,0
1339,0,0,0,0,0,0,0,0
1340,0,0,0,0,0,0,0,0
1341,2,6,2,2,4,2,20,4
1342,1,0,0,0,2,1,4,3
1343,0,0,0,0,0,0,0,0
1344,1,0,3,3,4,5,3,1
1345,0,0,0,0,0,0,0,0
1346,0,0,0,0,0,0,0,0
1347,0,0,0,3,0,0,0,0
1348,3,0,10,0,0,2,10,0
1349,0,0,0,0,0,0,0,0
1350,1,0,0,1,0,1,1,0
1351,1,0,0,0,0,0,0,0
1352,0,0,0,0,0,0,0,0
1353,2,0,0,0,3,5,14,0
1354,0,0,0,0,0,0,0,0
1355,2,0,0,0,4,15,8,1
1356,0,0,0,0,0,0,0,0
1357,0,0,0,0,0,0,0,0
1358,0,0,0,0,0,0,0,0
1359,0,0,0,0,0,0,0,0
1360,4,0,0,0,3,5,9,0
1361,1,0,0,0,0,0,0,0
1362,0,0,0,0,0,0,0,0
1363,2,0,0,0,1,1,3,0
1364,4,1,2,0,2,0,1,2
1365,0,0,0,0,0,0,0,0
1366,0,0,0,0,0,0,0,0
1367,0,0,0,0,0,0,0,0
1368,0,0,0,2,0,0,0,0
1369,0,0,0,0,0,0,0,0
1370,1,0,0,0,1,70,2,0
1371,2,0,0,0,10,15,19,5
1372,0,0,0,0,0,0,0,0
1373,0,0,0,0,0,0,0,0
1374,0,0,0,0,0,0,0,0
1375,1,5,0,0,2,9,3,2
1376,2,0,0,0,1,1,0,1
1377,0,0,0,0,0,0,0,0
1378,0,0,0,0,0,0,0,0
1379,0,1,0,0,0,0,0,3
1380,0,0,0,0,3,6,0,3
1381,1,0,1,0,1,34,5,1
1382,7,0,1,0,0,2,1,2
1383,1,0,0,1,1,6,2,2
1384,0,0,0,0,0,0,0,0
1385,0,0,0,0,0,0,0,0
1386,0,0,1,1,1,0,1,0
1387,8,2,21,4,22,117,27,5
1388,0,0,0,0,0,0,0,1
1389,1,0,3,0,0,3,5,2
1390,0,0,2,0,1,2,3,0
1391,0,0,0,0,0,0,0,0
1392,1,0,0,0,0,0,0,0
1393,1,0,0,2,17,22,56,3
1394,7,0,0,0,1,2,13,2
1395,0,0,0,0,0,0,0,0
1396,0,0,0,0,0,0,0,0
1397,2,0,1,1,3,11,5,5
1398,0,0,0,0,0,0,0,0
1399,0,0,0,0,0,0,0,0
1400,0,0,0,0,0,5,0,0
1401,1,4,0,0,0,5,10,4
1402,0,0,0,0,0,0,0,0
1403,2,0,0,0,1,0,0,0
1404,0,0,0,0,0,0,1,0
1405,3,0,0,3,1,0,1,3
1406,3,2,5,2,10,6,11,7
1407,2,0,0,0,1,0,0,0
1408,0,0,0,16,0,0,0,0
1409,0,0,0,0,1,1,1,0
1410,0,0,0,0,0,0,0,0
1411,0,0,0,0,0,0,0,0
1412,0,0,0,0,0,0,0,0
1413,0,0,0,0,0,0,0,0
1414,0,0,0,0,0,0,0,0
1415,2,0,0,0,1,4,8,3
1416,0,0,0,0,0,0,0,0
1417,0,0,0,0,0,0,0,0
1418,0,0,0,0,0,2,2,0
1419,4,7,1,1,2,0,0,0
1420,0,0,0,0,4,3,5,3
1421,0,0,0,0,1,0,0,0
1422,0,0,0,0,0,0,0,0
1423,0,0,0,0,0,0,0,1
1424,0,0,0,3,0,0,0,0
1425,0,0,0,0,1,3,4,4
1426,0,0,0,0,0,0,0,2
1427,0,0,0,0,0,2,0,1
1428,0,0,0,0,0,0,0,0
1429,0,0,0,0,0,0,1,1
1430,0,0,0,0,0,1,0,0
1431,0,0,0,0,0,0,0,0
1432,1,0,0,0,1,0,0,0
1433,0,0,0,0,0,1,0,0
1434,2,0,0,0,4,5,4,1
1435,0,0,0,0,0,0,0,0
1436,0,0,0,0,0,0,0,0
1437,1,0,0,0,0,1,1,0
1438,0,0,0,0,0,0,0,0
1439,1,0,0,0,4,3,6,2
1440,0,0,0,0,0,0,0,0
1441,3,0,0,0,5,1,6,0
1442,0,0,0,0,0,0,0,0
1443,0,0,0,0,0,0,0,0
1444,0,0,0,2,1,0,1,0
1445,0,0,0,0,0,0,0,0
1446,0,0,0,0,0,0,0,0
1447,0,0,0,0,0,10,1,1
1448,0,0,0,0,0,0,0,0
1449,0,0,0,0,0,0,0,0
1450,0,0,2,0,5,7,5,10
1451,0,0,0,0,0,0,0,1
1452,0,0,0,0,0,0,0,0
1453,0,0,0,0,0,1,1,0
1454,0,0,0,0,0,0,0,0
1455,0,0,0,0,0,0,0,0
1456,0,0,0,0,0,0,0,0
1457,3,1,3,1,10,84,13,16
1458,0,0,0,0,0,0,1,4
1459,0,0,0,0,0,0,0,0
1460,0,0,0,0,0,0,0,0
1461,0,0,0,0,0,0,0,0
1462,0,0,0,0,0,0,0,0
1463,0,0,0,0,0,0,0,0
1464,0,0,0,4,0,0,0,0
1465,2,0,0,1,3,7,3,1
1466,0,0,0,0,0,1,0,0
1467,1,6,0,1,0,0,0,0
1468,0,0,0,0,0,0,0,0
1469,1,0,0,0,0,0,0,0
1470,0,0,0,0,0,0,0,0
1471,1,0,0,0,1,0,0,1
1472,0,0,0,0,0,0,0,0
1473,2,0,0,0,0,0,0,0
1474,1,3,0,1,0,0,3,1
1475,2,0,0,0,2,3,5,2
1476,2,0,0,3,3,6,4,2
1477,0,0,0,1,0,0,0,0
1478,1,0,0,0,0,0,0,1
1479,2,0,0,0,0,0,0,0
1480,0,0,0,2,0,0,1,0
1481,4,0,7,12,7,36,34,8
1482,1,0,0,1,9,1,18,2
1483,0,0,0,0,0,0,0,0
1484,0,0,0,0,2,0,1,0
1485,2,0,0,3,2,0,1,1
1486,2,0,2,0,2,0,0,0
1487,1,0,0,0,6,34,24,3
1488,0,0,0,0,0,0,0,0
1489,0,0,0,0,0,0,0,0
1490,3,0,5,2,4,115,31,2
1491,0,0,0,0,2,10,7,0
1492,1,0,3,7,0,0,1,0
1493,0,0,0,0,0,0,0,0
1494,0,0,0,0,0,0,0,0
1495,2,0,1,5,1,0,8,2
1496,0,15,0,3,2,1,0,1
1497,0,0,0,0,0,0,0,1
1498,1,0,1,0,1,1,4,4
1499,2,0,3,0,2,10,5,1
1500,4,0,0,0,3,16,14,3
1501,1,0,0,58,3,2,1,1
1502,0,0,0,0,0,0,0,0
1503,0,0,0,0,0,0,0,0
1504,0,0,0,0,0,0,0,0
1505,0,0,0,0,0,0,0,0
1506,1,0,2,1,2,1,19,4
1507,0,0,0,0,0,0,0,0
1508,0,0,0,0,0,0,0,0
1509,1,0,0,0,2,9,8,2
1510,0,0,0,0,0,0,0,0
1511,0,0,0,0,0,0,0,0
1512,0,0,0,0,0,0,0,0
1513,0,0,0,0,0,0,0,0
1514,1,0,1,3,20,15,41,6
1515,0,0,0,0,0,2,1,0
1516,0,0,0,0,0,0,1,0
1517,1,0,0,0,0,0,0,0
1518,0,0,0,0,0,6,5,0
1519,1,0,0,0,0,0,0,0
1520,0,0,0,0,0,0,0,0
1521,0,0,0,0,0,0,0,0
1522,0,0,0,0,0,0,0,0
1523,0,0,0,0,0,0,0,0
1524,0,0,0,0,0,0,0,0
1525,0,0,0,0,0,0,0,0
1526,0,0,0,0,0,0,0,0
1527,0,10,0,0,0,0,0,1
1528,0,0,0,0,0,0,0,0
1529,0,0,0,4,0,1,1,0
1530,8,0,9,3,2,12,1,2
1531,0,0,0,0,0,0,0,0
1532,0,0,0,0,0,0,0,0
1533,0,0,0,0,0,0,0,0
1534,0,0,0,0,0,0,0,0
1535,0,0,0,0,0,0,0,0
1536,0,0,0,0,0,0,2,0
1537,0,0,0,0,0,0,0,0
1538,0,0,0,0,0,0,0,0
1539,0,0,0,0,0,0,0,0
1540,1,1,0,1,0,0,0,0
1541,0,0,0,0,0,0,0,0
1542,0,0,0,0,0,0,0,0
1543,0,0,0,0,0,0,0,0
1544,0,0,0,0,0,0,0,0
1545,0,0,0,0,0,4,4,2
1546,0,0,0,0,0,0,0,0
1547,1,0,0,0,0,1,0,0
1548,1,0,0,25,0,0,0,0
1549,0,0,0,0,0,0,0,0
1550,1,28,0,5,1,0,5,0
1551,0,0,0,0,0,0,0,0
1552,0,0,0,0,0,0,0,0
1553,0,0,0,0,0,0,0,0
1554,0,0,0,0,2,0,0,0
1555,0,0,0,0,0,0,0,0
1556,0,0,0,0,0,0,0,0
1557,0,0,0,0,1,0,0,0
1558,2,0,0,0,6,5,14,4
1559,0,0,0,0,4,0,1,0
1560,0,0,0,0,0,0,0,0
1561,0,0,0,0,0,0,0,0
1562,0,0,0,0,1,0,0,0
1563,0,0,7,1,0,19,10,0
1564,1,3,1,2,5,5,6,3
1565,0,0,0,0,0,0,0,0
1566,0,0,0,0,0,0,0,0
1567,0,0,0,2,0,0,0,0
1568,1,0,0,0,1,3,2,1
1569,0,0,0,0,0,0,0,0
1570,0,0,0,0,0,0,0,0
1571,0,0,0,2,1,3,5,4
1572,0,0,0,0,0,0,1,0
1573,0,0,0,0,0,0,0,0
1574,0,0,0,0,0,0,0,0
1575,0,0,0,0,0,0,0,0
1576,2,0,0,0,4,2,8,9
1577,0,0,0,0,0,0,0,0
1578,1,1,4,3,15,19,26,6
1579,1,0,0,0,0,6,0,0
1580,1,0,1,0,0,0,0,0
1581,1,0,1,0,0,0,3,2
1582,1,0,0,0,0,0,0,0
1583,1,0,0,12,0,0,1,0
1584,0,0,0,0,8,11,14,5
1585,0,0,0,0,0,0,0,0
1586,0,0,0,0,0,0,0,0
1587,1,0,1,0,0,69,1,1
1588,0,0,0,0,0,0,0,0
1589,0,0,0,0,0,1,0,0
1590,0,0,0,0,0,0,0,0
1591,0,0,0,0,0,0,0,0
1592,0,0,0,0,0,0,0,0
1593,3,0,0,2,6,2,1,3
1594,0,0,0,0,0,3,3,1
1595,2,0,2,1,4,2,7,3
1596,2,0,0,0,0,0,0,0
1597,0,0,0,0,0,0,0,0
1598,0,0,0,5,0,0,0,0
1599,6,0,0,0,3,0,7,4
1600,0,0,0,0,0,0,0,0
1601,0,0,0,0,0,3,0,0
1602,0,0,0,6,1,0,0,1
1603,0,0,0,0,0,1,1,3
1604,0,0,0,0,0,0,0,0
1605,0,0,0,0,0,0,0,0
1606,0,1,0,0,0,2,1,1
1607,1,0,0,0,1,4,3,3
1608,0,0,0,0,0,0,0,0
1609,0,0,2,0,2,2,2,3
1610,0,0,0,0,2,3,8,2
1611,0,0,0,18,0,0,4,0
1612,0,3,0,3,0,0,0,0
1613,3,1,1,20,6,1,7,1
1614,0,0,0,0,0,0,0,0
1615,1,0,2,2,8,6,23,4
1616,2,0,0,0,3,2,1,2
1617,0,0,0,14,0,0,0,0
1618,1,0,0,0,0,0,1,0
1619,1,0,0,0,0,3,0,0
1620,0,0,0,0,0,0,0,0
1621,0,0,0,0,0,0,0,0
1622,0,0,0,0,0,0,0,0
1623,2,0,2,1,0,10,2,0
1624,1,0,0,0,0,2,1,0
1625,1,0,0,0,0,0,0,0
1626,2,0,5,5,2,74,25,4
1627,0,0,0,0,0,0,0,0
1628,1,0,0,0,0,0,0,0
1629,1,10,0,0,0,0,0,0
1630,0,0,0,0,0,0,0,0
1631,0,0,0,0,0,0,0,0
1632,1,0,0,0,0,0,0,0
1633,0,0,0,0,0,0,0,0
1634,1,0,0,0,0,0,0,0
1635,0,0,0,0,0,0,0,0
1636,1,0,4,0,1,4,4,2
1637,1,0,0,0,0,0,0,0
1638,2,0,0,1,0,1,0,0
1639,9,6,4,13,10,25,16,4
1640,0,0,0,0,0,0,0,0
1641,0,0,0,0,0,0,0,0
1642,0,0,0,0,0,0,0,0
1643,1,0,0,0,2,1,5,3
1644,0,0,0,0,0,0,0,0
1645,0,0,0,0,0,0,0,0
1646,1,0,0,0,5,3,4,1
1647,0,0,0,0,0,0,0,0
1648,0,0,0,0,1,0,0,0
1649,0,0,0,0,0,0,0,0
1650,3,0,0,3,4,16,73,2
1651,0,0,0,0,0,0,0,0
1652,0,0,0,0,0,0,0,0
1653,0,0,0,0,0,0,0,0
1654,9,2,7,0,8,57,22,2
1655,0,0,0,0,0,0,0,0
1656,0,0,0,2,0,0,0,0
1657,0,0,0,0,0,0,0,0
1658,0,0,0,3,0,0,0,0
1659,1,0,0,0,2,78,4,2
1660,0,0,0,23,0,0,1,0
1661,0,0,0,0,0,0,0,0
1662,1,0,1,1,1,19,5,1
1663,1,0,0,0,1,0,0,0
1664,0,0,0,0,0,0,0,1
1665,1,0,0,0,1,0,2,1
1666,0,0,0,0,0,0,0,0
1667,0,0,0,0,0,0,0,0
1668,0,0,0,0,0,3,0,0
1669,0,0,0,0,0,0,0,0
1670,0,0,0,0,0,0,0,0
1671,0,0,0,0,0,0,0,0
1672,0,0,0,0,0,0,0,0
1673,0,0,0,0,0,0,0,0
1674,0,0,0,0,0,0,0,0
1675,0,0,0,0,0,0,0,0
1676,0,0,0,0,0,0,0,0
1677,0,0,0,0,0,0,0,0
1678,0,0,0,0,0,0,0,0
1679,1,0,0,0,0,0,1,2
1680,0,0,0,0,0,0,0,0
1681,0,0,0,0,1,0,1,0
1682,0,0,0,0,0,1,0,0
1683,0,0,0,0,0,0,0,0
1684,0,0,0,0,0,0,0,0
1685,0,0,0,0,0,0,0,0
1686,0,0,0,0,0,0,0,1
1687,3,0,0,0,6,5,8,0
1688,1,0,0,4,0,0,1,0
1689,1,0,0,1,6,14,5,3
1690,0,0,0,1,1,0,0,0
1691,0,0,0,0,0,0,0,0
1692,0,0,0,0,0,0,0,0
1693,1,0,0,1,2,0,0,3
1694,0,0,0,0,0,0,0,0
1695,1,0,0,0,0,1,2,0
1696,0,0,0,0,0,0,0,0
1697,0,0,0,0,0,0,0,0
1698,4,0,1,0,0,0,1,0
1699,0,0,0,0,0,0,0,0
1700,1,0,4,1,2,209,8,2
1701,2,0,0,0,1,4,11,1
1702,0,8,0,1,0,3,3,2
1703,0,0,0,0,0,0,0,0
1704,2,0,0,0,1,0,5,0
1705,0,0,0,0,3,1,0,4
1706,0,0,0,0,0,0,0,0
1707,0,0,0,6,0,0,0,0
1708,0,0,0,0,0,0,0,0
1709,0,0,0,0,0,0,0,0
1710,0,0,0,0,0,0,0,0
1711,0,0,1,0,0,1,0,0
1712,0,0,0,2,0,0,0,0
1713,1,0,0,0,2,0,0,2
1714,2,12,6,2,12,137,23,9
1715,2,0,5,1,3,7,5,0
1716,0,0,0,0,0,0,2,0
1717,0,0,0,0,0,0,0,0
1718,0,0,0,0,0,0,0,0
1719,3,5,3,3,15,10,34,7
1720,1,0,0,47,0,0,0,0
1721,0,0,0,0,0,0,0,0
1722,0,0,0,2,0,0,0,0
1723,0,0,0,0,0,0,0,0
1724,0,0,0,0,0,0,0,0
1725,3,0,0,2,3,2,10,2
1726,0,0,0,0,0,0,3,0
1727,0,0,0,0,0,0,0,0
1728,1,0,0,0,0,3,9,0
1729,0,8,0,1,0,0,0,0
1730,0,0,0,0,2,0,2,1
1731,0,0,0,0,0,0,0,0
1732,0,0,0,0,0,0,0,0
1733,0,0,0,0,0,0,0,0
1734,1,0,0,0,4,11,25,5
1735,2,0,1,0,1,0,3,2
1736,1,0,0,0,0,0,0,0
1737,3,0,2,0,0,0,1,0
1738,0,0,0,0,0,0,0,0
1739,0,0,0,0,0,0,1,0
1740,1,0,0,0,0,0,1,0
1741,0,0,0,0,0,0,0,0
1742,1,0,0,0,0,0,0,0
1743,0,0,0,0,0,0,0,0
1744,0,0,0,13,0,0,0,0
1745,5,0,6,6,9,86,10,4
1746,0,0,0,42,0,0,2,0
1747,1,0,0,0,6,18,17,4
1748,0,0,1,0,1,2,5,0
1749,0,0,0,0,0,0,0,0
1750,0,0,0,0,2,0,0,2
1751,0,0,0,0,0,0,0,0
1752,0,0,0,0,0,0,0,0
1753,0,0,0,0,0,0,0,0
1754,0,0,0,0,0,0,0,0
1755,0,0,0,0,0,0,0,0
1756,1,0,0,0,0,0,0,0
1757,1,0,1,0,1,2,1,2
1758,0,0,0,0,0,0,0,0
1759,0,0,0,0,2,6,0,0
1760,0,0,0,0,0,0,0,0
1761,0,0,0,0,0,0,0,0
1762,0,1,7,1,14,7,28,3
1763,2,0,1,0,5,36,37,3
1764,4,7,1,0,1,138,17,4
1765,0,14,0,4,0,1,0,1
1766,1,0,0,0,0,0,0,0
1767,1,0,0,2,0,0,1,1
1768,0,0,0,0,0,0,0,0
1769,0,0,0,0,0,0,2,0
1770,1,0,0,0,0,0,8,0
1771,0,0,0,0,0,0,0,0
1772,1,0,1,0,0,0,0,0
1773,0,0,0,0,2,0,0,2
1774,0,0,0,0,0,0,0,0
1775,0,0,0,0,0,1,2,1
1776,0,0,0,0,0,0,0,0
1777,3,0,0,0,3,12,6,8
1778,2,0,0,0,0,2,0,0
1779,0,0,0,0,0,0,0,0
1780,1,0,0,28,0,0,0,0
1781,1,0,0,0,1,40,6,1
1782,0,0,0,0,0,0,0,0
1783,0,5,0,2,0,0,0,0
1784,0,0,0,0,0,0,0,0
1785,1,0,0,1,0,0,0,0
1786,0,0,0,0,0,0,0,0
1787,1,0,0,0,1,7,14,3
1788,2,0,0,0,3,10,4,2
1789,0,0,0,0,0,0,0,0
1790,0,0,0,1,0,0,0,0
1791,0,0,0,0,0,0,0,0
1792,0,0,0,0,0,0,0,0
1793,0,0,0,0,0,0,0,0
1794,0,0,0,0,0,0,0,0
1795,0,0,0,0,0,0,0,0
1796,0,0,0,0,0,0,0,0
1797,0,0,0,0,0,0,0,0
1798,0,0,0,0,0,0,0,0
1799,1,0,0,0,0,5,1,1
1800,0,0,0,0,0,0,0,0
1801,0,0,0,0,0,0,0,0
1802,0,0,0,0,0,1,0,0
1803,1,0,5,2,7,40,10,2
1804,0,0,0,1,0,0,0,0
1805,2,0,2,0,0,0,0,1
1806,0,0,0,0,0,0,0,0
1807,1,0,7,2,6,4,2,2
1808,0,0,0,1,4,8,7,3
1809,1,0,0,0,0,15,7,0
1810,0,0,0,0,0,0,0,0
1811,0,0,0,0,3,36,5,4
1812,0,0,0,1,0,0,1,0
1813,1,0,4,0,0,0,0,1
1814,2,0,0,20,3,11,11,1
1815,0,0,0,0,0,0,0,0
1816,0,5,0,0,0,1,1,3
1817,5,2,0,0,2,3,1,2
1818,1,0,0,0,0,0,0,0
1819,0,0,0,0,0,0,1,0
1820,0,0,0,0,0,0,0,0
1821,0,0,0,0,0,0,0,0
1822,0,0,18,0,2,11,18,1
1823,0,0,0,0,0,0,0,0
1824,0,0,0,0,0,2,3,0
1825,0,0,0,0,0,0,0,0
1826,1,0,1,1,5,12,6,2
1827,0,0,0,0,0,0,0,0
1828,0,3,0,0,3,0,1,0
1829,2,1,0,1,6,8,15,7
1830,1,0,0,0,0,0,0,0
1831,1,0,0,2,1,1,3,0
1832,0,0,0,0,0,3,24,1
1833,3,1,14,64,6,18,7,3
1834,0,0,0,0,0,0,0,0
1835,0,0,2,0,1,6,1,1
1836,0,0,0,0,0,0,0,0
1837,0,0,0,0,0,0,0,1
1838,0,0,0,0,0,0,0,0
1839,0,0,0,0,0,0,0,0
1840,1,0,1,0,1,3,3,0
1841,0,0,0,0,0,0,3,0
1842,0,0,0,0,0,0,0,0
1843,1,0,3,0,1,1,1,1
1844,2,2,0,1,0,0,4,1
1845,0,0,0,0,1,0,2,1
1846,0,0,0,0,0,0,0,0
1847,2,0,0,4,1,80,11,0
1848,0,0,0,0,0,0,0,0
1849,0,0,0,37,0,0,1,0
1850,0,0,0,1,0,0,0,0
1851,0,0,0,0,0,0,0,0
1852,0,0,0,0,0,0,1,0
1853,0,0,0,0,0,0,0,1
1854,0,0,0,0,0,0,0,0
1855,3,0,0,2,1,1,1,2
1856,1,0,0,0,0,2,1,0
1857,2,0,1,3,1,2,2,1
1858,0,0,0,0,0,0,0,0
1859,1,4,0,1,0,0,0,1
1860,0,0,0,0,0,0,0,0
1861,4,0,0,0,3,0,5,1
1862,1,0,0,0,0,0,0,0
1863,0,0,0,0,0,0,0,0
1864,4,2,8,156,6,27,46,2
1865,1,0,0,0,0,0,0,0
1866,3,0,0,0,8,16,37,2
1867,0,0,0,0,0,0,0,0
1868,0,0,0,0,4,7,1,1
1869,0,0,0,0,0,0,0,0
1870,2,1,0,0,1,0,7,1
1871,0,0,0,0,0,0,0,0
1872,1,0,0,1,3,2,0,1
1873,0,0,0,0,0,0,0,0
1874,2,0,5,0,1,2,6,0
1875,6,0,1,2,3,68,27,4
1876,0,0,0,0,0,0,0,0
1877,0,1,0,1,0,0,0,0
1878,0,0,0,0,0,0,0,0
1879,0,0,0,5,0,0,0,0
1880,5,0,1,0,6,6,7,0
1881,0,0,0,0,0,0,0,0
1882,2,0,10,1,3,21,7,2
1883,0,0,0,0,0,0,0,0
1884,0,0,0,0,0,314,0,0
1885,1,0,0,0,0,0,0,0
1886,0,0,0,0,0,0,0,0
1887,1,0,0,0,0,0,0,0
1888,1,0,0,1,6,2,10,2
1889,1,0,0,0,2,2,0,0
1890,0,0,0,0,0,0,0,0
1891,0,0,0,1,0,0,0,1
1892,3,0,22,7,1,54,22,5
1893,0,0,0,0,1,0,0,0
1894,0,0,0,0,0,0,0,0
1895,6,0,7,3,1,20,10,2
1896,0,0,0,0,0,1,0,1
1897,2,8,0,0,0,0,2,4
1898,0,0,0,0,0,0,0,0
1899,0,0,0,0,1,0,0,3
1900,0,0,0,0,3,0,0,1
1901,2,0,6,0,3,11,2,1
1902,0,0,0,40,0,0,1,0
1903,0,36,0,2,0,0,0,0
1904,1,0,0,0,2,1,3,2
1905,0,0,0,0,1,0,1,1
1906,0,0,0,0,0,0,0,0
1907,0,0,0,0,1,669,1,6
1908,1,6,0,0,0,1,2,3
1909,0,0,0,0,0,0,0,0
1910,0,0,0,0,0,0,0,0
1911,0,0,0,0,0,0,1,0
1912,0,0,0,0,0,0,0,0
1913,1,0,0,0,0,0,0,0
1914,2,0,16,3,21,246,80,14
1915,1,0,0,0,3,18,30,4
1916,4,0,0,0,0,0,0,0
1917,0,0,0,0,0,0,0,0
1918,0,0,0,0,0,0,0,0
1919,0,0,0,0,0,0,0,0
1920,0,0,0,0,0,0,0,0
1921,0,0,0,0,0,0,0,0
1922,0,0,0,0,0,0,0,0
1923,0,0,0,0,0,0,0,0
1924,1,0,0,0,5,20,20,5
1925,0,0,0,0,0,0,0,0
1926,0,0,0,0,0,0,0,0
1927,0,0,0,0,0,0,0,0
1928,0,0,0,0,0,0,0,0
1929,0,0,0,0,0,0,0,0
1930,0,0,0,0,5,15,26,5
1931,0,0,0,0,0,0,0,0
1932,0,0,0,0,0,0,0,0
1933,1,0,1,6,6,10,10,1
1934,1,0,0,0,3,4,3,6
1935,0,0,0,0,0,0,0,0
1936,3,0,18,3,11,26,31,11
1937,0,0,0,0,0,0,0,0
1938,0,0,0,2,0,0,0,0
1939,1,0,0,0,7,14,10,4
1940,0,0,0,0,0,0,0,0
1941,0,0,1,0,4,3,7,4
1942,5,0,0,0,2,1,8,1
1943,0,0,0,0,0,0,0,0
1944,4,0,1,1,1,760,9,1
1945,0,0,0,0,0,0,0,0
1946,1,0,2,0,1,0,1,1
1947,0,0,0,0,0,0,0,0
1948,0,0,0,0,0,0,0,0
1949,0,0,0,0,0,0,0,0
1950,0,0,0,2,16,16,22,2
1951,2,2,1,5,7,0,6,1
1952,3,0,0,0,8,2,8,3
1953,0,0,0,0,1,0,0,0
1954,1,0,2,0,0,7,0,0
1955,0,0,0,0,0,0,0,0
1956,0,0,0,0,0,0,0,0
1957,0,0,0,0,0,0,1,0
1958,1,0,0,0,0,2,0,0
1959,0,0,0,0,0,0,0,0
1960,1,0,1,0,3,13,11,4
1961,1,0,0,0,3,2,2,0
1962,0,0,0,0,1,0,1,0
1963,0,0,0,0,0,0,0,0
1964,0,0,0,0,0,0,0,0
1965,0,0,0,0,0,0,0,0
1966,0,0,0,0,0,1,0,0
1967,0,0,0,0,0,0,0,0
1968,0,0,0,0,0,0,0,0
1969,1,0,0,0,0,0,0,0
1970,0,0,0,0,2,1,1,0
1971,2,0,0,0,2,1,0,1
1972,0,0,0,0,0,0,0,0
1973,0,0,0,0,0,14,3,2
1974,11,0,0,1,0,3,11,1
1975,1,0,0,0,1,0,0,0
1976,0,0,0,0,0,0,0,0
1977,1,0,0,0,5,11,16,4
1978,3,0,1,1,5,8,15,1
1979,0,0,0,0,0,0,0,0
1980,1,0,1,0,4,26,11,2
1981,0,0,0,0,0,0,0,0
1982,0,0,0,0,0,0,0,0
1983,1,1,0,0,2,6,9,2
1984,0,0,0,0,0,0,0,0
1985,1,1,5,0,10,47,9,2
1986,0,0,0,4,0,0,0,0
1987,0,0,1,4,2,4,6,0
1988,0,0,0,1,0,18,1,4
1989,8,0,0,7,5,0,6,1
1990,1,0,0,0,0,0,0,1
1991,2,0,4,1,11,22,22,4
1992,0,0,0,0,0,0,0,0
1993,0,0,0,0,0,0,0,0
1994,2,0,0,0,3,6,2,1
1995,4,0,0,0,1,6,5,4
1996,0,0,0,0,0,0,0,0
1997,1,0,2,8,2,10,5,1
1998,0,0,0,0,0,0,0,0
1999,0,0,0,1,7,7,4,4
2000,0,0,0,0,0,0,0,0
2001,2,0,0,5,3,0,0,0
2002,1,0,0,0,0,1,0,0
2003,0,0,0,2,3,2,0,0
2004,0,0,0,0,0,2,1,0
2005,1,0,0,2,10,7,9,2
2006,0,0,0,0,0,0,0,0
2007,0,0,0,0,0,0,0,0
2008,0,0,0,0,0,0,0,0
2009,0,0,0,0,0,0,0,0
2010,0,0,0,1,0,0,0,0
2011,0,0,1,0,0,0,1,0
2012,0,0,0,1,2,1,1,0
2013,0,0,0,0,0,0,0,0
2014,0,0,0,0,1,1,4,2
2015,0,0,0,0,0,0,0,0
2016,0,0,0,0,0,1,0,0
2017,0,0,0,0,0,0,0,0
2018,1,0,0,1,4,13,21,7
2019,0,0,0,0,0,0,0,0
2020,0,0,0,0,0,0,0,0
2021,4,0,1,0,7,10,22,4
2022,0,0,0,2,0,0,0,0
2023,0,0,0,0,0,0,0,0
2024,0,0,0,0,0,0,0,0
2025,0,0,0,0,0,0,0,0
2026,1,0,0,1,1,0,1,0
2027,1,0,0,0,7,3,5,2
2028,0,0,0,0,2,6,6,2
2029,1,0,0,0,0,0,1,0
2030,0,0,0,0,0,0,0,0
2031,0,0,0,0,0,0,0,0
2032,0,0,0,0,0,0,0,0
2033,0,0,0,0,0,0,1,1
2034,1,0,0,1,1,1,0,0
2035,3,0,0,10,1,0,2,0
2036,2,0,1,2,5,1,3,5
2037,0,0,0,0,0,2,3,1
2038,0,0,0,22,0,0,0,0
2039,1,0,0,0,3,6,5,2
2040,4,0,1,0,5,1,5,2
2041,0,0,0,0,0,0,0,0
2042,0,0,0,0,0,0,0,0
2043,0,0,0,0,0,0,0,0
2044,0,0,0,0,0,0,0,0
2045,1,0,0,0,0,15,11,5
2046,0,0,0,0,0,1,1,0
2047,1,0,0,0,3,49,1,5
2048,0,1,0,1,0,0,0,1
2049,0,0,0,0,0,0,1,0
2050,0,0,0,0,0,0,0,0
2051,2,0,0,0,2,14,4,0
2052,2,0,0,0,0,3,0,0
2053,0,0,0,0,1,0,0,0
2054,0,0,0,0,0,0,0,0
2055,0,0,0,0,0,0,0,0
2056,0,0,0,0,0,0,0,0
2057,0,0,0,0,0,0,0,0
2058,0,0,0,0,0,0,0,0
2059,0,0,0,0,1,0,0,0
2060,1,0,0,1,1,0,0,0
2061,1,0,0,0,1,4,2,0
2062,8,2,3,7,9,2,7,2
2063,0,0,0,0,0,0,0,0
2064,1,0,3,7,19,51,116,9
2065,0,0,0,0,0,0,0,0
2066,0,0,0,0,0,0,1,0
2067,9,0,0,2,2,2,2,3
2068,0,0,0,0,0,0,0,0
2069,0,0,0,0,0,0,0,0
2070,2,0,0,1,4,2,7,1
2071,2,1,0,2,2,10,2,2
2072,0,0,0,0,0,0,0,0
2073,0,0,0,0,0,0,0,2
2074,0,0,0,0,0,0,0,0
2075,0,0,0,0,0,0,0,0
2076,0,0,0,0,0,0,0,0
2077,0,0,0,1,0,0,3,0
2078,1,0,0,0,0,2,7,2
2079,0,0,0,0,0,0,0,0
2080,0,0,0,0,0,0,0,0
2081,3,0,0,55,4,5,3,0
2082,0,0,0,0,0,0,0,0
2083,5,0,1,0,6,0,3,4
2084,2,0,0,14,1,0,1,0
2085,1,1,0,0,6,6,10,4
2086,0,0,0,0,0,0,1,0
2087,5,0,4,0,4,95,10,9
2088,0,0,0,0,0,0,0,0
2089,0,0,0,0,0,0,0,0
2090,0,1,0,1,1,0,1,2
2091,0,0,0,0,0,0,0,0
2092,3,0,1,0,4,4,18,3
2093,0,0,0,0,0,0,0,0
2094,0,0,0,0,0,0,0,0
2095,0,0,0,2,0,0,0,0
2096,0,0,0,0,0,0,0,0
2097,2,0,0,1,1,8,5,0
2098,0,0,0,1,0,0,0,0
2099,0,0,0,0,0,0,0,0
2100,1,0,0,2,2,10,3,0
2101,1,0,0,2,3,6,8,3
2102,9,0,0,2,0,0,0,0
2103,0,0,0,0,0,0,0,0
2104,1,0,4,0,11,8,27,6
2105,0,0,0,0,0,0,0,0
2106,0,0,0,0,0,0,0,0
2107,0,0,0,0,0,0,0,0
2108,0,0,0,0,2,0,1,1
2109,0,0,0,0,0,0,0,0
2110,0,0,0,0,0,0,0,0
2111,0,0,0,0,0,0,0,0
2112,0,0,0,0,0,0,0,0
2113,2,0,0,0,0,0,0,0
2114,0,0,0,0,0,0,0,0
2115,0,0,0,0,0,0,0,0
2116,0,0,0,0,0,0,0,0
2117,0,0,0,0,0,0,0,0
2118,3,1,6,3,26,32,36,8
2119,3,0,4,0,0,881,6,1
2120,0,0,0,0,0,0,1,0
2121,0,0,0,0,2,1,2,0
2122,0,0,0,0,0,0,0,0
2123,0,0,0,0,0,0,0,0
2124,0,0,0,1,0,0,0,0
2125,0,0,0,0,1,0,0,1
2126,4,3,5,1,22,105,50,17
2127,0,0,7,0,0,9,11,2
2128,0,0,0,0,0,0,0,0
2129,0,1,4,1,22,22,33,6
2130,1,0,0,0,0,1,3,0
2131,0,0,0,2,0,0,0,0
2132,3,0,3,4,4,43,5,5
2133,0,0,0,0,1,5,1,1
2134,0,0,0,0,0,0,0,0
2135,2,0,0,0,2,1,0,1
2136,0,0,0,0,0,0,0,0
2137,0,0,0,0,0,0,0,0
2138,1,0,0,0,1,2,8,0
2139,1,0,0,0,0,0,0,0
2140,0,0,0,0,0,0,0,0
2141,0,0,0,0,0,0,0,0
2142,4,0,0,0,1,8,13,4
2143,0,0,0,0,3,0,1,0
2144,0,0,0,0,0,0,0,0
2145,2,0,2,1,8,18,39,8
2146,0,0,0,0,0,0,0,0
2147,0,0,0,0,0,0,0,0
2148,3,0,0,0,0,177,6,4
2149,1,0,0,0,1,2,0,1
2150,0,0,0,0,1,1,0,0
2151,0,0,0,0,0,0,0,0
2152,0,30,0,0,4,0,7,5
2153,0,0,0,0,0,0,0,3
2154,0,0,0,0,0,0,0,0
2155,2,0,0,1,7,20,29,9
2156,1,0,0,2,6,15,41,1
2157,1,0,0,0,0,0,0,0
2158,0,0,0,0,0,0,0,0
2159,0,0,0,0,0,0,0,0
2160,0,0,0,0,0,0,0,0
2161,0,0,0,0,0,0,0,0
2162,1,0,0,0,0,0,1,0
2163,0,0,0,0,0,0,0,0
2164,0,0,0,0,0,0,0,0
2165,1,0,0,0,5,7,11,3
2166,0,0,0,0,0,0,0,0
2167,0,0,0,1,2,0,0,0
2168,0,0,0,0,0,0,0,0
2169,0,0,0,0,0,0,0,0
2170,0,0,0,0,0,0,0,0
2171,0,0,0,3,0,0,0,0
2172,0,0,0,0,0,0,1,0
2173,0,0,0,0,0,0,0,0
2174,1,0,0,0,0,0,0,0
2175,0,0,0,0,0,0,0,0
2176,0,0,0,0,0,0,0,0
2177,0,0,0,0,0,0,0,0
2178,0,0,0,0,0,0,0,0
2179,0,0,0,0,0,0,0,0
2180,0,0,0,0,0,0,0,0
2181,2,0,0,0,4,0,2,4
2182,1,0,0,0,0,0,0,0
2183,0,0,0,0,0,0,0,0
2184,0,0,0,0,0,0,0,0
2185,3,0,0,0,7,27,8,6
2186,0,0,0,0,0,0,0,0
2187,1,0,0,0,0,0,0,0
2188,6,0,1,0,7,15,24,8
2189,2,0,4,0,8,10,22,2
2190,0,0,0,0,0,0,0,0
2191,0,0,0,1,0,0,0,0
2192,0,0,0,0,0,0,0,0
2193,0,0,0,0,1,0,0,1
2194,0,0,3,8,0,5,1,0
2195,0,0,0,0,0,0,0,0
2196,1,1,9,4,12,18,12,3
2197,0,0,0,0,0,0,0,0
2198,0,0,0,0,0,0,0,0
2199,0,0,0,1,0,0,0,0
2200,0,0,0,0,0,0,0,0
2201,0,0,0,0,0,0,0,0
2202,1,0,0,0,0,6,2,4
2203,0,0,0,19,0,0,0,0
2204,1,0,0,0,1,3,6,0
2205,0,0,0,0,0,0,0,0
2206,0,0,0,0,0,0,0,0
2207,2,1,0,0,0,1,0,0
2208,0,0,0,0,0,0,0,0
2209,0,0,0,0,0,0,0,0
2210,0,0,0,0,0,0,0,0
2211,0,0,0,3,0,0,0,0
2212,1,7,3,2,12,15,12,4
2213,4,0,0,0,0,256,0,3
2214,0,1,0,0,0,0,0,0
2215,2,0,0,0,3,14,12,5
2216,0,0,0,0,0,0,0,0
2217,0,0,0,0,2,3,2,2
2218,1,0,0,0,0,0,0,0
2219,0,0,0,0,0,0,0,0
2220,0,0,0,0,0,1,0,0
2221,0,0,0,0,0,1,0,0
2222,1,0,0,0,2,0,0,0
2223,0,0,1,0,0,0,1,1
2224,1,0,2,0,0,0,0,0
2225,0,0,0,0,0,0,0,0
2226,2,0,3,0,8,4,10,2
2227,1,0,2,2,1,26,22,3
2228,1,4,0,0,0,1,3,1
2229,0,0,0,0,0,0,0,0
2230,0,0,0,0,0,0,0,0
2231,0,0,0,4,0,1,1,0
2232,0,0,0,0,0,0,0,0
2233,0,0,0,0,3,0,0,0
2234,0,0,1,2,3,20,25,2
2235,0,0,0,0,0,0,0,0
2236,0,0,0,0,0,1,0,0
2237,0,0,0,3,0,0,0,0
2238,2,0,1,0,8,18,15,7
2239,0,0,0,0,0,0,0,0
2240,0,0,0,1,4,6,6,2
2241,0,0,0,0,0,0,0,0
2242,0,0,0,0,0,0,0,0
2243,0,0,0,0,1,1,0,0
2244,0,0,0,0,0,0,0,0
2245,0,0,0,0,0,0,0,0
2246,1,0,0,0,0,0,0,0
2247,2,0,0,3,2,2,0,1
2248,1,0,0,0,0,0,0,0
2249,3,0,0,0,4,2,2,0
2250,5,0,0,0,8,27,31,6
2251,0,0,0,0,0,0,0,0
2252,0,0,0,0,0,0,1,0
2253,0,0,0,0,0,0,0,0
2254,0,0,0,0,0,0,0,0
2255,0,0,0,0,0,0,0,0
2256,0,0,0,1,0,0,0,0
2257,1,0,1,1,0,0,1,2
2258,0,0,0,0,0,0,0,0
2259,0,0,0,0,0,0,0,0
2260,0,0,0,0,0,0,0,0
2261,0,0,0,0,0,0,0,0
2262,0,0,0,0,0,0,0,0
2263,0,0,0,0,0,0,0,0
2264,6,0,1,1,1,6,3,3
2265,2,0,2,0,7,10,16,4
2266,0,0,0,0,0,0,0,0
2267,3,0,0,0,3,1,2,0
2268,1,0,0,0,1,2,1,1
2269,0,0,0,0,0,3,11,4
2270,0,0,0,0,0,0,0,0
2271,1,2,0,0,1,6,7,7
2272,1,0,0,0,1,1,1,0
2273,0,0,0,0,0,0,0,0
2274,2,0,1,1,14,20,55,10
2275,13,0,10,10,3,26,22,2
2276,0,0,0,1,2,6,1,2
2277,4,0,0,0,0,0,0,0
2278,0,0,0,0,0,0,0,0
2279,0,0,0,0,0,0,0,2
2280,1,0,0,0,0,0,0,0
2281,0,0,1,0,3,0,3,0
2282,1,0,0,0,0,2,3,2
2283,0,0,0,0,0,0,0,0
2284,0,0,0,0,0,0,0,0
2285,3,0,0,0,1,0,3,0
2286,0,0,0,0,0,0,0,0
2287,4,0,19,1,8,125,19,2
2288,0,0,0,0,0,0,0,0
2289,0,0,0,0,2,0,5,2
2290,0,0,0,50,0,1,4,1
2291,0,0,0,0,0,0,0,0
2292,0,0,0,0,0,0,0,0
2293,0,0,0,0,0,0,0,0
2294,0,0,0,0,0,0,0,0
2295,2,0,1,0,0,0,5,0
2296,2,22,6,11,2,3,6,4
2297,0,0,0,6,0,0,0,0
2298,0,0,0,0,0,0,0,0
2299,0,0,0,0,0,0,0,0
2300,0,0,0,0,0,0,0,0
2301,1,0,0,0,0,0,0,0
2302,0,0,0,0,0,0,0,0
2303,0,0,0,0,2,23,27,4
2304,2,0,0,0,0,0,0,0
2305,2,0,0,5,8,14,6,10
2306,0,0,0,0,0,0,0,0
2307,0,0,0,0,0,0,0,0
2308,6,1,6,3,21,54,27,12
2309,0,0,0,0,0,0,0,0
2310,2,0,0,0,0,0,0,0
2311,0,0,0,0,0,0,0,0
2312,0,0,0,0,0,1,0,0
2313,0,0,3,2,3,9,7,3
2314,0,0,0,0,0,0,0,0
2315,1,0,0,0,0,0,1,0
2316,0,0,0,0,0,0,0,0
2317,0,0,0,0,2,0,2,2
2318,0,0,0,0,0,0,0,0
2319,0,0,0,0,1,0,0,0
2320,0,0,0,0,0,1,0,0
2321,0,0,0,0,0,0,0,0
2322,1,0,0,0,0,0,0,0
2323,2,0,1,8,7,27,18,8
2324,0,0,0,0,0,0,0,0
2325,2,0,2,0,8,1,3,3
2326,0,0,0,0,1,0,0,0
2327,0,0,0,0,0,0,0,0
2328,0,0,0,0,0,0,0,0
2329,0,0,0,0,0,0,0,0
2330,0,0,0,0,0,1,0,0
2331,0,0,0,0,0,0,0,0
2332,0,0,0,0,0,0,0,0
2333,0,0,1,0,0,2,1,1
2334,0,0,0,0,0,0,0,0
2335,2,0,0,0,3,1,1,1
2336,1,0,0,9,0,0,0,0
2337,0,0,0,0,0,0,0,0
2338,2,0,0,0,0,2,2,0
2339,0,4,0,0,1,0,0,0
2340,0,0,0,0,0,0,0,0
2341,0,0,0,0,0,0,0,0
2342,0,0,0,0,0,0,0,0
2343,0,0,0,0,4,1,7,2
2344,1,0,0,5,3,1,1,3
2345,0,0,0,0,0,0,0,0
2346,0,0,0,0,0,0,0,0
2347,0,0,0,0,0,0,0,0
2348,1,0,0,0,0,0,1,0
2349,0,0,0,0,2,3,1,1
2350,0,0,0,0,0,0,0,0
2351,0,0,0,0,0,0,0,0
2352,0,0,0,0,0,0,0,0
2353,1,0,0,1,0,0,0,0
2354,6,0,1,2,10,31,24,4
2355,0,0,0,0,2,0,0,0
2356,0,0,0,0,0,0,0,0
2357,0,0,0,0,1,0,0,2
2358,0,0,0,0,0,0,0,0
2359,0,0,0,0,0,0,0,0
2360,1,0,0,0,2,0,0,2
2361,0,0,0,0,0,0,0,0
2362,0,0,0,0,1,0,0,1
2363,2,0,0,2,6,8,12,4
2364,0,0,0,0,0,0,0,0
2365,0,0,0,0,0,0,0,0
2366,0,0,0,0,1,10,1,0
2367,2,0,14,3,0,1,2,3
2368,0,0,0,0,0,0,0,0
2369,0,0,0,0,0,0,0,0
2370,0,0,2,0,0,3,0,0
2371,0,0,0,0,4,0,0,1
2372,0,0,0,0,0,0,0,0
2373,1,0,0,0,0,0,0,0
2374,0,0,0,0,0,0,1,0
2375,0,0,0,0,0,0,0,0
2376,2,0,0,0,0,0,0,0
2377,2,0,1,0,9,21,33,8
2378,0,0,0,0,0,0,0,0
2379,0,0,0,0,0,0,0,0
2380,3,0,0,0,1,0,0,2
2381,1,0,0,1,3,0,0,0
2382,1,0,0,0,1,1,3,0
2383,0,0,0,0,0,0,0,0
2384,0,0,0,0,0,0,0,0
2385,0,0,0,0,0,0,0,0
2386,2,0,6,2,10,33,11,8
2387,0,0,0,0,0,0,0,0
2388,1,0,0,1,0,0,1,0
2389,0,0,0,1,0,0,0,0
2390,1,2,1,0,7,18,4,2
2391,0,0,0,0,0,0,0,0
2392,0,0,0,0,0,0,0,0
2393,0,0,0,0,0,0,0,0
2394,1,0,0,0,0,0,0,0
2395,0,0,0,1,0,0,0,0
2396,0,0,0,0,0,0,0,0
2397,0,0,0,0,0,0,0,1
2398,0,0,0,0,0,0,0,0
2399,0,0,0,0,0,0,0,0
2400,3,0,0,1,0,0,0,0
2401,0,0,0,0,0,0,0,0
2402,1,0,0,0,9,27,21,5
2403,0,0,0,0,0,0,0,0
2404,3,0,8,1,5,1,1,0
2405,0,0,0,0,3,0,1,1
2406,0,0,0,0,0,0,0,0
2407,0,0,0,0,0,0,0,0
2408,0,0,1,1,1,0,1,0
2409,0,0,0,0,0,0,0,0
2410,0,0,0,2,0,0,0,0
2411,0,0,0,0,0,0,0,0
2412,0,0,0,0,0,0,0,0
2413,4,0,0,0,1,2,2,3
2414,0,0,0,0,0,0,0,0
2415,2,14,7,0,15,14,17,3
2416,1,0,0,4,0,1,0,0
2417,0,0,0,0,0,0,0,0
2418,1,0,0,2,1,3,1,0
2419,2,0,0,1,1,1,0,1
2420,0,0,0,0,0,0,0,0
2421,0,0,0,0,0,0,0,0
2422,0,0,0,0,0,0,0,0
2423,0,0,0,0,3,0,18,5
2424,3,2,4,2,20,26,41,7
2425,3,1,1,3,9,33,26,5
2426,0,0,0,0,0,1,0,0
2427,0,0,0,0,0,0,0,0
2428,3,0,0,0,1,0,0,0
2429,2,0,3,0,8,35,15,4
2430,0,0,0,0,1,0,0,0
2431,0,0,0,0,0,2,2,2
2432,0,0,0,0,5,2,5,2
2433,0,0,0,0,0,85,0,1
2434,0,0,0,0,0,0,0,0
2435,0,0,0,0,0,0,0,0
2436,0,0,0,0,0,0,0,0
2437,4,0,7,5,16,30,34,11
2438,0,0,0,0,0,0,0,0
2439,1,0,0,1,3,168,10,4
2440,0,0,0,1,0,1,1,0
2441,3,0,0,0,0,2,0,0
2442,2,0,0,0,0,2,3,1
2443,0,0,0,0,0,0,0,0
2444,0,0,0,0,0,0,0,0
2445,4,0,0,1,2,246,15,4
2446,0,0,0,0,0,0,0,0
2447,0,0,0,0,0,0,0,0
2448,0,0,0,0,0,0,0,0
2449,0,0,0,1,0,15,4,1
2450,0,0,0,0,0,0,0,0
2451,0,0,0,0,1,3,4,2
2452,2,2,8,16,16,22,32,7
2453,0,0,0,0,0,0,0,0
2454,1,0,0,1,1,7,4,3
2455,1,0,0,0,1,1,6,2
2456,0,0,0,0,0,0,1,0
2457,0,0,0,0,0,0,0,0
2458,0,0,0,0,0,16,1,0
2459,0,0,0,0,0,0,0,0
2460,1,0,0,0,0,0,2,0
2461,0,0,0,0,0,0,0,0
2462,0,0,0,0,0,0,0,0
2463,1,0,0,0,0,0,0,0
2464,3,0,0,0,7,9,19,7
2465,1,0,0,0,0,0,0,0
2466,0,0,0,2,0,0,0,0
2467,0,0,0,1,0,0,0,0
2468,0,0,0,0,0,1,0,0
2469,0,0,0,0,0,0,0,0
2470,0,0,0,0,0,0,0,0
2471,1,0,4,9,3,2,2,0
2472,0,0,0,0,0,0,1,0
2473,2,0,0,0,1,28,2,0
2474,0,0,0,0,0,0,0,0
2475,2,0,3,0,8,22,15,5
2476,0,0,0,0,0,0,0,0
2477,1,2,0,0,1,0,2,1
2478,2,0,0,0,0,0,0,0
2479,2,0,0,0,1,0,4,6
2480,1,0,0,0,0,0,0,0
2481,2,0,3,0,2,29,5,4
2482,1,0,0,0,0,1,0,0
2483,0,0,0,0,0,0,0,0
2484,0,0,0,0,0,0,0,0
2485,0,0,0,0,0,0,0,0
2486,0,4,0,0,1,0,3,0
2487,0,0,0,0,5,2,4,3
2488,1,0,0,0,0,0,0,0
2489,0,0,1,0,4,7,10,2
2490,1,0,0,0,0,0,0,0
2491,3,0,0,0,4,20,13,3
2492,0,0,0,2,6,2,6,4
2493,0,0,0,0,0,1,0,1
2494,0,0,0,0,0,0,0,0
2495,2,0,0,0,5,6,14,3
2496,0,0,0,0,0,0,0,0
2497,1,0,0,1,0,5,3,2
2498,4,0,4,0,0,4,3,2
2499,0,0,0,0,0,0,0,0
2500,2,0,0,1,3,0,0,1
2501,2,4,0,0,0,6,3,5
2502,1,0,0,1,1,3,3,3
2503,1,0,3,0,0,4,4,1
2504,9,0,3,15,11,18,61,8
2505,0,0,0,0,0,0,0,0
2506,1,0,0,0,4,3,13,4
2507,5,0,1,0,1,1,2,0
2508,0,0,0,0,0,0,0,0
2509,0,0,0,0,0,0,0,0
2510,1,0,5,0,11,25,23,2
2511,0,0,0,0,0,0,0,0
2512,1,0,1,2,5,2,8,6
2513,0,0,0,0,0,0,0,0
2514,2,0,0,0,0,0,0,0
2515,0,0,0,0,0,0,0,0
2516,1,0,0,0,0,0,0,0
2517,1,0,0,1,7,45,36,4
2518,0,0,0,0,0,0,0,0
2519,0,0,0,0,0,0,0,0
2520,0,0,0,0,0,0,0,0
2521,0,0,0,0,0,0,0,0
2522,0,0,0,0,2,0,0,0
2523,0,0,0,0,0,0,0,0
2524,0,0,0,0,0,0,0,0
2525,0,0,0,0,0,0,0,0
2526,1,0,2,1,9,30,35,12
2527,0,0,0,0,0,0,0,0
2528,0,0,0,0,0,0,0,0
2529,2,0,0,0,1,0,4,4
2530,2,0,11,10,12,28,50,5
2531,0,0,0,0,0,0,0,0
2532,3,0,0,0,0,0,1,0
2533,0,0,0,0,0,0,0,0
2534,0,0,0,0,0,0,0,0
2535,2,0,1,0,6,2,14,2
2536,0,0,0,0,0,0,0,0
2537,2,0,0,0,2,0,0,0
2538,0,0,0,0,0,0,0,0
2539,0,0,0,0,0,0,0,0
2540,0,0,0,0,0,0,0,0
2541,3,2,8,5,16,24,28,5
2542,0,0,0,0,0,0,0,0
2543,0,0,0,0,0,0,0,0
2544,0,0,0,0,0,0,0,0
2545,1,0,2,0,17,17,12,3
2546,0,0,0,0,0,0,0,0
2547,0,0,1,1,1,1,1,0
2548,0,0,0,0,0,0,0,0
2549,0,0,0,0,0,0,0,0
2550,2,0,1,1,7,33,14,4
2551,1,0,2,2,0,2,0,0
2552,0,0,0,0,0,0,0,0
2553,0,0,0,0,0,0,0,0
2554,0,0,0,0,0,1,0,0
2555,0,0,0,0,0,0,0,0
2556,0,0,0,0,0,0,0,0
2557,0,0,0,0,1,6,2,5
2558,2,0,0,0,3,5,3,3
2559,0,0,0,0,0,0,0,0
2560,1,0,0,0,0,0,0,0
2561,0,0,0,0,0,0,0,0
2562,0,0,0,0,0,0,0,0
2563,1,0,1,1,10,8,2,1
2564,0,0,0,0,0,0,0,0
2565,0,0,0,0,0,0,0,0
2566,2,0,0,0,2,0,1,2
2567,5,0,0,1,1,8,12,1
2568,1,0,0,0,0,2,0,0
2569,2,0,0,0,6,10,9,6
2570,1,0,0,1,6,5,4,7
2571,0,0,0,0,0,0,0,0
2572,0,0,0,0,0,0,0,0
2573,0,0,0,0,0,0,1,0
2574,0,0,0,0,0,0,0,0
2575,0,0,0,0,0,0,0,0
2576,0,0,0,0,0,0,0,0
2577,0,0,0,0,0,0,0,0
2578,0,0,0,0,0,0,0,0
2579,2,0,3,0,4,8,3,2
2580,5,5,2,1,3,4,3,5
2581,0,0,0,1,0,8,0,1
2582,0,0,0,0,0,0,0,0
2583,0,0,0,0,0,0,0,0
2584,0,0,0,0,0,0,0,0
2585,0,0,0,0,1,10,14,6
2586,3,0,0,0,0,9,0,0
2587,0,0,0,0,0,0,0,0
2588,0,0,0,0,0,0,0,0
2589,0,0,0,0,0,2,0,0
2590,2,0,0,0,5,10,3,1
2591,0,0,0,0,0,0,0,0
2592,0,0,0,0,0,0,0,0
2593,0,0,0,1,2,13,10,3
2594,0,0,0,0,0,0,1,0
2595,0,0,0,0,0,0,0,0
2596,0,0,0,0,0,0,0,0
2597,1,0,0,0,0,0,0,0
2598,3,0,0,0,1,65,1,0
2599,0,0,0,0,0,0,0,0
2600,0,0,0,0,0,0,0,0
2601,0,0,0,8,0,0,0,0
2602,0,0,0,0,0,0,0,0
2603,0,0,0,0,0,1,1,0
2604,1,0,2,0,1,1,4,0
2605,0,0,2,0,4,1,12,2
2606,0,0,0,0,0,0,0,0
2607,0,0,0,1,0,0,0,0
2608,0,0,0,1,0,2,0,1
2609,0,0,0,1,0,0,0,0
2610,1,0,0,1,1,4,4,1
2611,4,0,0,0,0,0,0,0
2612,0,0,0,0,0,0,0,0
2613,7,1,9,7,10,25,24,4
2614,5,0,1,0,6,6,5,3
2615,1,0,0,0,0,4,11,0
2616,2,0,0,0,0,1,1,0
2617,0,0,0,0,2,0,0,0
2618,0,0,1,0,2,9,9,4
2619,1,0,1,0,6,10,8,4
2620,0,0,0,1,0,0,0,0
2621,0,0,0,0,0,0,0,0
2622,3,0,0,1,1,87,0,1
2623,0,0,0,0,0,0,0,0
2624,1,0,0,0,2,4,6,4
2625,2,0,0,0,0,0,0,0
2626,0,0,0,0,0,0,0,0
2627,0,0,0,0,0,0,1,0
2628,0,0,0,0,0,0,0,0
2629,0,0,0,0,0,0,0,0
2630,0,0,0,0,0,0,0,0
2631,0,0,0,0,0,0,0,0
2632,0,0,0,0,0,0,0,0
2633,0,0,0,0,4,6,3,4
2634,0,0,0,0,0,0,0,0
2635,0,0,4,0,9,8,17,5
2636,0,0,0,0,0,0,0,0
2637,0,0,0,0,0,0,1,0
2638,0,0,0,0,0,0,0,0
2639,1,0,0,0,0,0,0,1
2640,0,0,0,0,0,0,0,0
2641,0,0,0,0,0,0,1,0
2642,0,0,0,0,0,0,0,0
2643,0,0,0,0,0,0,0,1
2644,2,0,0,0,5,13,17,4
2645,0,0,0,0,0,0,0,0
2646,0,0,0,0,0,0,0,0
2647,0,0,0,1,1,1,0,0
2648,4,2,21,4,12,322,39,10
2649,0,0,0,0,0,0,0,0
2650,2,0,0,0,2,6,9,4
2651,0,0,0,0,0,0,0,0
2652,0,0,0,0,0,0,0,0
2653,0,0,0,0,0,0,0,0
2654,1,0,0,0,0,0,0,0
2655,0,0,0,0,0,0,0,0
2656,5,3,2,1,14,3,11,2
2657,0,0,0,0,0,0,0,0
2658,0,0,0,0,0,0,0,0
2659,0,0,0,0,0,0,1,0
2660,2,0,0,0,2,4,3,0
2661,0,0,9,0,0,4,6,0
2662,0,0,0,0,1,0,0,0
2663,0,0,0,0,0,0,0,0
2664,0,0,0,0,0,0,0,0
2665,0,0,0,0,0,0,0,0
2666,2,0,2,33,2,6,17,4
2667,1,0,0,1,2,1,0,0
2668,2,0,0,2,0,0,3,2
2669,0,0,0,0,0,0,0,0
2670,0,0,0,0,0,0,0,0
2671,0,0,0,0,2,6,7,1
2672,4,0,6,0,1,10,1,0
2673,1,0,0,0,1,0,0,0
2674,0,0,0,0,0,0,0,0
2675,0,0,0,0,0,0,0,0
2676,1,0,0,1,7,48,14,1
2677,3,1,4,0,0,6,0,2
2678,0,0,0,0,0,0,0,0
2679,0,0,0,1,0,0,0,0
2680,0,0,0,0,1,0,0,0
2681,0,0,0,0,0,0,0,0
2682,0,0,0,0,0,0,0,0
2683,4,0,0,0,2,0,1,3
2684,0,0,0,66,10,11,24,3
2685,0,2,0,0,0,0,0,0
2686,0,0,0,0,0,0,0,0
2687,0,0,0,1,0,0,0,0
2688,0,0,0,0,0,0,0,0
2689,0,1,0,0,0,0,2,0
2690,0,0,1,0,0,0,0,0
2691,5,0,0,0,0,0,2,0
2692,0,0,0,0,0,0,0,1
2693,0,0,0,0,0,0,0,0
2694,1,0,0,0,1,1,0,0
2695,0,0,0,1,0,0,0,0
2696,1,0,1,10,4,7,7,3
2697,0,0,0,0,0,0,0,0
2698,0,0,0,0,0,0,0,0
2699,1,0,0,0,0,1,1,0
2700,0,0,0,0,0,0,0,0
2701,0,0,0,0,0,0,0,0
2702,1,0,0,0,0,2,0,1
2703,0,0,0,0,0,0,0,0
2704,1,0,1,1,6,7,10,3
2705,1,57,0,4,3,0,2,0
2706,3,0,0,5,0,0,0,0
2707,0,0,0,0,0,0,0,0
2708,3,0,0,0,0,5,8,9
2709,4,0,0,0,5,1,25,5
2710,0,0,0,0,0,0,0,0
2711,0,0,0,0,0,0,0,0
2712,4,0,5,3,14,33,34,5
2713,4,0,4,2,10,54,18,4
2714,0,0,0,0,0,0,0,0
2715,0,0,0,0,0,0,0,0
2716,1,0,0,0,0,33,21,3
2717,1,1,6,0,3,1,2,2
2718,1,0,0,0,0,0,0,0
2719,0,0,0,0,0,0,0,0
2720,1,0,0,0,0,0,1,0
2721,0,0,0,0,0,0,0,0
2722,1,0,0,0,0,64,5,0
2723,1,0,3,1,2,2,10,2
2724,0,0,0,0,0,0,0,0
2725,7,0,1,2,7,19,18,4
2726,7,0,1,0,10,18,16,8
2727,0,0,0,1,0,0,0,0
2728,1,0,0,1,3,0,4,5
2729,1,0,0,0,0,0,0,0
2730,0,0,0,0,0,0,0,0
2731,0,0,0,0,0,0,0,0
2732,1,0,1,7,1,0,3,1
2733,0,0,0,0,0,0,0,0
2734,1,0,3,0,2,4,9,3
2735,0,0,0,0,0,0,0,0
2736,0,0,0,0,3,25,5,7
2737,0,0,0,0,0,0,0,0
2738,0,0,0,0,1,0,0,0
2739,0,0,0,0,0,0,0,0
2740,0,0,0,0,0,0,0,0
2741,1,3,0,1,5,9,33,5
2742,2,0,0,0,0,0,0,0
2743,0,0,0,0,0,0,0,0
2744,0,0,0,0,0,0,0,0
2745,0,0,0,0,0,0,1,0
2746,0,0,0,0,0,7,1,1
2747,0,0,0,0,0,0,0,1
2748,0,0,0,0,0,0,0,0
2749,0,0,0,0,0,0,0,0
2750,0,0,0,0,0,0,0,0
2751,1,0,0,0,1,1,0,1
2752,1,0,2,0,1,6,3,2
2753,0,0,0,7,0,0,1,0
2754,0,0,0,0,0,0,0,0
2755,2,0,2,0,9,65,29,3
2756,0,0,0,0,0,0,0,0
2757,0,0,0,0,0,0,0,0
2758,0,0,0,0,0,0,0,0
2759,0,0,0,0,0,0,1,2
2760,0,0,0,0,0,0,0,0
2761,1,0,0,1,0,0,1,2
2762,2,0,2,6,0,0,0,1
2763,1,0,0,0,4,73,6,2
2764,3,0,1,0,3,5,1,1
2765,1,0,2,2,1,3,5,1
2766,0,0,0,0,0,0,0,0
2767,0,0,0,0,0,0,0,0
2768,0,0,0,0,0,0,0,0
2769,0,0,0,0,0,0,0,0
2770,1,0,0,0,1,26,13,1
2771,5,0,0,0,2,0,1,0
2772,0,0,0,0,0,0,0,0
2773,2,0,0,0,1,1,0,0
2774,1,0,0,1,0,0,1,0
2775,0,0,0,7,4,3,4,3
2776,0,0,0,0,0,0,0,0
2777,0,0,0,0,1,5,20,3
2778,0,0,0,0,0,0,0,0
2779,0,0,0,0,0,0,0,0
2780,0,0,0,0,0,0,0,0
2781,0,0,0,0,0,0,0,0
2782,1,0,3,9,18,14,35,8
2783,1,0,1,0,5,35,37,9
2784,1,0,0,0,0,0,0,0
2785,0,0,0,0,0,0,0,0
2786,1,0,0,0,6,15,11,2
2787,4,0,5,0,0,1,8,3
2788,2,0,1,0,0,0,0,0
2789,0,0,0,0,7,1,1,1
2790,5,0,0,0,2,11,3,2
2791,0,0,0,2,0,0,0,0
2792,2,0,0,0,0,0,0,0
2793,1,0,0,1,0,0,0,0
2794,0,0,0,15,0,0,0,0
2795,1,0,2,0,0,2,1,2
2796,0,0,0,0,0,0,0,0
2797,0,0,0,0,0,0,0,0
2798,0,0,0,0,0,0,0,0
2799,0,0,0,0,0,0,0,0
2800,2,0,0,0,0,0,0,0
2801,0,0,0,0,0,0,0,0
2802,4,0,2,0,3,18,16,3
2803,0,0,0,1,0,0,0,0
2804,0,0,0,0,0,0,0,0
2805,0,0,0,0,0,0,0,0
2806,0,0,0,0,0,0,0,0
2807,0,0,0,2,2,80,4,6
2808,0,0,0,0,0,0,0,0
2809,0,0,0,0,0,0,0,0
2810,0,0,0,3,0,0,0,0
2811,0,0,0,0,0,0,0,0
2812,0,0,0,0,0,0,0,0
2813,4,0,0,0,1,1,1,0
2814,1,0,0,0,0,0,0,0
2815,0,0,0,0,0,0,0,0
2816,0,0,0,0,0,0,0,0
2817,1,0,0,0,3,8,20,2
2818,0,0,0,1,0,0,0,0
2819,0,60,0,13,14,4,7,2
2820,0,0,0,0,0,0,0,0
2821,0,0,0,0,0,0,0,0
2822,0,0,0,0,0,0,0,0
2823,1,0,0,0,1,0,0,0
2824,2,5,0,0,0,0,0,0
2825,0,0,0,0,0,1,0,0
2826,0,0,0,0,0,0,0,0
2827,6,0,1,20,4,107,20,5
2828,0,0,0,0,0,0,0,0
2829,1,0,0,11,0,0,0,0
2830,0,0,0,0,1,0,0,0
2831,3,0,1,0,5,28,16,4
2832,0,0,0,0,0,0,0,0
2833,0,0,0,0,0,0,0,0
2834,0,0,0,0,0,0,0,0
2835,0,0,0,0,0,0,0,0
2836,0,0,0,0,0,0,0,0
2837,3,0,3,16,12,10,29,3
2838,0,0,0,0,0,0,0,0
2839,0,0,0,0,0,0,0,0
2840,0,0,0,0,0,0,0,0
2841,1,0,1,3,0,5,5,2
2842,3,0,0,0,5,0,1,7
2843,3,3,5,2,14,5,10,4
2844,1,4,0,1,0,16,15,3
2845,0,0,0,1,0,1,0,0
2846,1,0,0,0,0,0,0,0
2847,0,0,0,0,0,0,0,0
2848,0,0,0,0,0,0,0,0
2849,0,0,1,0,0,4,1,0
2850,0,0,0,0,0,0,0,0
2851,0,0,0,0,1,1,0,0
2852,0,0,0,0,0,2,0,0
2853,0,0,0,0,0,0,0,0
2854,0,0,0,0,0,0,0,0
2855,1,0,0,0,0,0,0,0
2856,0,0,0,0,0,0,0,0
2857,1,2,1,0,0,0,3,0
2858,2,0,0,0,0,19,4,3
2859,0,0,0,1,0,0,0,0
2860,1,0,0,4,10,4,4,1
2861,0,0,0,0,0,0,0,0
2862,0,0,0,0,0,0,0,0
2863,10,0,4,1,0,5,1,0
2864,0,0,1,7,1,0,3,0
2865,0,0,0,0,0,0,0,0
2866,0,0,0,0,0,0,0,0
2867,0,0,0,0,0,0,0,0
2868,0,0,0,0,2,1,0,0
2869,0,0,0,0,0,0,0,0
2870,0,0,0,0,0,10,15,4
2871,0,0,0,0,0,0,0,0
2872,0,0,0,0,0,0,0,0
2873,0,0,0,0,0,0,0,0
2874,0,0,0,0,0,0,0,0
2875,0,0,0,0,0,0,0,0
2876,0,0,0,0,0,0,1,0
2877,2,0,0,2,0,4,1,0
2878,0,0,0,0,0,0,0,0
2879,0,0,0,1,0,0,0,0
2880,0,0,0,0,0,0,0,0
2881,0,0,0,0,0,0,0,0
2882,0,0,0,0,0,0,0,0
2883,1,0,2,11,10,16,21,6
2884,1,0,0,0,1,1,1,1
2885,1,0,0,0,0,0,0,0
2886,0,0,0,0,0,0,0,0
2887,0,0,0,0,2,0,0,0
2888,0,0,0,0,0,0,0,0
2889,3,0,1,0,6,5,6,6
2890,0,0,0,0,0,0,0,0
2891,1,0,0,0,8,2,3,1
2892,0,0,0,1,0,1,0,0
2893,1,0,2,2,5,2,3,1
2894,0,0,0,0,1,4,6,4
2895,1,0,0,2,0,2,9,2
2896,0,0,0,0,0,0,0,0
2897,1,0,0,0,0,1,0,0
2898,0,0,0,1,0,0,0,0
2899,0,0,0,0,0,0,0,0
2900,2,0,0,0,0,8,13,3
2901,0,0,0,0,0,0,0,0
2902,0,0,0,0,0,0,1,0
2903,0,0,0,0,0,0,0,0
2904,1,0,0,0,6,10,85,5
2905,0,0,0,0,0,0,0,0
2906,1,0,0,0,0,8,0,0
2907,5,0,0,0,4,23,34,4
2908,2,0,1,4,3,7,9,3
2909,0,0,0,0,0,0,0,0
2910,0,0,0,0,0,0,0,0
2911,0,0,0,2,0,0,0,0
2912,0,0,0,0,0,0,0,0
2913,3,0,0,0,2,1,4,1
2914,3,0,0,0,1,0,0,0
2915,1,0,0,3,6,16,27,4
2916,0,0,0,0,2,3,2,3
2917,0,0,0,0,1,0,0,0
2918,6,0,1,2,4,9,4,1
2919,0,0,0,0,0,0,0,0
2920,0,0,0,0,0,0,0,0
2921,0,0,0,0,0,0,0,0
2922,0,0,0,0,0,0,0,0
2923,0,0,0,0,0,0,0,0
2924,0,0,5,0,1,3,4,2
2925,0,0,0,0,3,0,1,2
2926,2,53,0,14,2,2,1,0
2927,0,0,0,0,0,0,0,0
2928,0,0,0,0,0,0,0,0
2929,3,0,1,26,13,19,25,7
2930,0,0,0,0,0,0,0,1
2931,0,0,0,0,0,0,0,0
2932,0,0,0,0,0,0,0,0
2933,0,0,0,0,0,0,0,0
2934,0,0,0,0,0,0,0,0
2935,1,0,0,0,2,2,3,1
2936,0,0,2,1,7,18,26,9
2937,1,0,0,0,0,1,2,0
2938,0,0,0,0,0,0,0,0
2939,2,0,0,1,4,7,6,2
2940,6,2,22,7,11,64,27,3
2941,0,0,0,0,0,0,0,0
2942,0,0,0,0,0,0,0,0
2943,0,0,0,2,0,0,0,0
2944,0,0,0,0,0,0,0,0
2945,0,0,0,0,0,0,0,0
2946,0,0,0,0,4,0,1,0
2947,0,0,0,0,0,0,0,0
2948,0,0,0,2,0,0,0,0
2949,0,0,0,0,0,0,1,0
2950,1,0,1,0,0,3,0,0
2951,0,0,0,0,0,0,0,0
2952,0,0,0,0,0,0,0,0
2953,0,0,0,0,0,0,0,0
2954,1,0,0,0,0,0,0,0
2955,1,0,0,1,1,0,0,1
2956,1,0,0,0,0,0,0,0
2957,0,0,0,0,0,0,0,0
2958,4,0,1,0,5,17,14,7
2959,0,0,0,0,0,0,0,0
2960,0,0,0,0,0,0,0,0
2961,0,0,0,0,0,0,0,0
2962,0,0,0,0,0,0,0,0
2963,1,0,0,0,0,0,1,0
2964,6,0,0,0,2,1,5,2
2965,0,0,0,0,0,8,2,0
2966,3,0,0,0,0,263,15,3
2967,4,1,0,1,1,1,1,0
2968,0,0,0,0,0,0,0,0
2969,1,0,0,0,0,0,0,0
2970,1,0,0,0,5,6,7,3
2971,1,0,0,2,0,0,0,0
2972,0,0,0,0,0,0,0,0
2973,0,0,0,1,0,0,0,0
2974,1,0,0,0,1,0,1,1
2975,4,0,2,0,0,4,0,0
2976,3,0,10,1,0,7,3,0
2977,3,0,0,4,1,0,0,0
2978,0,0,0,0,0,0,0,0
2979,3,0,0,9,8,27,5,1
2980,0,0,0,0,0,0,0,0
2981,0,0,0,0,0,0,0,0
2982,1,0,0,0,0,0,0,0
2983,1,0,2,4,14,36,20,7
2984,0,0,0,0,0,0,0,0
2985,0,0,0,0,0,0,0,0
2986,0,0,0,5,0,0,0,0
2987,0,0,0,0,0,0,0,0
2988,0,0,0,0,0,0,0,0
2989,1,0,0,0,0,1,42,0
2990,0,0,0,0,1,0,0,0
2991,1,0,0,0,0,0,0,0
2992,0,0,0,0,0,0,0,0
2993,0,0,0,0,0,0,0,0
2994,4,0,2,0,1,1,4,3
2995,1,0,0,1,2,82,1,2
2996,10,0,4,32,6,1,6,1
2997,0,0,0,0,0,0,1,0
2998,0,0,0,8,3,0,6,3
2999,0,0,0,0,0,1,0,0
3000,3,0,4,0,8,22,43,8
3001,0,0,0,0,0,0,0,0
3002,0,0,0,0,0,0,0,0
3003,0,0,0,0,0,0,0,0
3004,1,0,0,0,5,5,10,6
3005,0,0,0,0,0,0,0,0
3006,1,0,0,0,0,6,1,1
3007,0,0,0,0,0,0,0,0
3008,0,0,0,0,0,0,0,0
3009,0,0,0,0,0,0,0,0
3010,4,2,4,1,10,14,24,7
3011,2,0,0,0,0,0,2,0
3012,3,0,2,0,6,7,8,5
3013,2,5,0,1,0,0,0,1
3014,0,0,0,0,0,0,0,0
3015,5,0,0,1,0,117,25,3
3016,0,0,0,4,0,0,0,0
3017,0,0,0,0,0,0,0,0
3018,1,0,1,2,4,25,10,0
3019,0,0,0,0,0,0,0,0
3020,0,0,0,0,0,0,0,0
3021,5,0,0,0,2,3,2,1
3022,0,0,0,0,0,0,0,0
3023,0,0,0,0,0,0,0,0
3024,1,0,0,0,2,11,8,5
3025,0,0,0,0,1,1,2,0
3026,1,0,0,0,0,19,11,0
3027,0,0,2,0,6,1,6,2
3028,0,0,0,0,0,0,0,0
3029,0,0,0,0,0,0,0,1
3030,1,0,1,0,0,1,1,0
3031,1,0,6,1,4,9,26,2
3032,1,0,0,0,0,0,2,0
3033,2,8,0,1,10,10,7,6
3034,0,0,0,0,0,0,0,0
3035,0,0,0,0,0,2,2,1
3036,0,0,1,0,5,8,11,1
3037,1,0,0,0,0,0,0,0
3038,0,0,0,0,0,0,0,2
3039,0,0,0,0,0,0,0,0
3040,0,0,0,0,0,0,0,0
3041,2,0,0,0,1,3,6,2
3042,0,0,0,0,0,0,0,0
3043,0,0,0,0,0,0,0,0
3044,0,0,0,0,2,1,0,0
3045,0,0,0,0,1,0,0,1
3046,0,0,0,0,0,0,0,0
3047,1,0,1,0,7,8,11,4
3048,2,0,0,0,0,2,4,2
3049,0,0,0,0,0,0,0,0
3050,0,0,0,0,0,0,0,0
3051,0,0,0,0,0,0,0,0
3052,3,0,2,0,8,17,21,5
3053,5,0,1,0,2,50,26,7
3054,0,0,0,0,0,0,0,0
3055,0,0,0,0,0,0,0,0
3056,0,0,0,0,0,0,0,0
3057,0,0,0,0,0,0,1,0
3058,0,0,0,0,0,0,0,0
3059,0,0,0,0,1,0,1,2
3060,0,0,0,0,0,0,0,0
3061,0,0,0,0,0,0,0,0
3062,2,0,2,1,11,9,22,6
3063,1,0,0,2,0,0,0,0
3064,0,0,0,0,0,0,0,0
3065,0,5,0,3,0,0,0,0
3066,4,0,2,0,4,12,18,4
3067,1,0,2,0,0,3,2,1
3068,0,0,0,2,0,0,0,0
3069,0,0,0,0,0,0,0,0
3070,0,0,0,0,0,0,0,0
3071,1,0,0,1,0,3,1,0
3072,0,0,0,0,0,0,0,0
3073,0,0,0,0,0,0,0,0
3074,0,0,1,0,0,1,1,2
3075,0,0,0,3,0,0,0,0
3076,9,0,3,0,11,23,35,5
3077,0,0,0,0,0,0,0,0
3078,1,0,0,0,4,7,16,1
3079,2,0,0,1,0,0,1,0
3080,0,0,0,0,0,0,0,0
3081,0,0,0,0,0,0,0,0
3082,0,0,0,0,1,0,0,0
3083,3,0,0,0,5,7,14,3
3084,0,0,0,0,0,0,0,0
3085,0,0,0,0,0,0,0,0
3086,2,0,0,0,0,0,0,0
3087,0,0,0,0,0,0,0,0
3088,1,0,1,3,10,3,12,7
3089,1,0,1,2,1,22,8,2
3090,0,0,0,0,0,0,0,0
3091,0,0,0,0,0,0,0,0
3092,0,0,0,0,0,0,0,0
3093,3,0,1,11,2,0,3,1
3094,0,0,0,0,0,0,0,0
3095,1,0,2,0,7,15,7,2
3096,0,0,0,0,0,0,0,0
3097,0,0,0,0,0,0,0,0
3098,0,0,0,0,0,2,0,0
3099,6,0,1,0,1,4,7,5
3100,0,0,0,0,0,0,0,0
3101,1,1,0,0,2,0,1,0
3102,0,0,0,0,0,0,3,0
3103,0,7,0,1,0,1,7,4
3104,0,0,0,0,0,0,0,0
3105,2,0,0,0,5,3,13,5
3106,0,0,0,0,0,0,0,0
3107,0,0,0,0,1,0,0,0
3108,0,0,0,0,0,0,0,0
3109,0,0,1,0,0,2,0,0
3110,6,0,0,0,2,4,7,2
3111,0,0,0,0,0,0,0,0
3112,1,0,0,1,1,7,11,6
3113,3,0,0,4,6,14,12,2
3114,1,2,0,0,4,13,15,3
3115,0,0,0,0,0,0,0,0
3116,0,0,0,0,0,0,0,0
3117,0,0,0,0,0,0,0,0
3118,1,0,0,0,0,0,1,0
3119,0,0,0,0,0,0,0,0
3120,0,0,0,0,0,0,0,0
3121,0,0,0,0,0,0,0,1
3122,0,0,1,43,4,5,3,2
3123,0,0,0,0,0,0,0,0
3124,0,0,0,0,0,0,0,0
3125,4,0,0,5,2,4,2,0
3126,0,0,0,0,0,0,0,0
3127,0,0,0,0,0,0,0,0
3128,0,0,0,0,0,0,0,0
3129,2,0,0,1,1,1,4,0
3130,0,0,0,0,1,0,1,3
3131,0,0,0,0,1,1,0,2
3132,0,0,0,0,0,0,0,0
3133,1,0,0,0,5,0,2,5
3134,0,0,0,1,0,0,0,0
3135,0,0,0,2,0,0,0,0
3136,0,0,0,0,0,0,0,0
3137,3,2,1,0,4,30,31,9
3138,0,0,1,1,3,1,4,0
3139,5,0,3,13,11,6,16,4
3140,0,0,0,0,0,0,0,0
3141,0,0,0,0,0,0,0,0
3142,0,0,0,0,0,0,0,0
3143,0,0,0,0,0,0,0,0
3144,0,0,0,0,0,0,1,0
3145,4,0,0,0,0,0,0,0
3146,0,0,3,1,1,1,1,1
3147,0,0,0,2,0,0,0,0
3148,3,0,4,0,0,0,0,0
3149,0,0,0,0,0,0,0,0
3150,0,0,0,4,1,0,7,0
3151,1,0,0,0,2,44,15,3
3152,0,0,0,0,0,0,0,0
3153,0,0,0,0,0,0,0,0
3154,1,0,0,0,0,0,0,0
3155,0,0,0,0,6,2,8,3
3156,1,0,0,1,2,18,11,6
3157,0,0,0,0,0,0,0,0
3158,0,0,0,0,0,0,0,0
3159,9,0,3,1,0,0,2,0
3160,5,0,0,0,4,28,33,5
3161,0,0,0,0,0,0,0,0
3162,1,0,0,0,0,3,3,2
3163,0,0,0,0,0,0,0,0
3164,1,0,4,4,7,14,26,5
3165,0,0,0,1,4,9,36,2
3166,0,0,0,0,0,0,0,0
3167,0,0,0,0,0,0,0,0
3168,0,0,0,0,0,0,0,0
3169,0,0,0,0,0,0,0,0
3170,0,0,0,2,1,0,0,0
3171,0,0,0,0,0,0,0,0
3172,2,0,1,0,3,6,8,4
3173,1,0,0,0,0,0,6,2
3174,0,0,0,0,0,0,0,0
3175,0,0,0,0,0,0,0,0
3176,0,0,0,0,0,0,0,0
3177,0,0,0,0,0,0,0,0
3178,0,0,0,0,0,0,0,0
3179,0,0,0,0,0,0,0,0
3180,1,0,0,0,0,0,0,0
3181,0,0,0,0,0,0,1,1
3182,0,0,0,0,0,0,0,0
3183,1,0,0,0,0,2,1,0
3184,1,2,1,1,0,13,1,0
3185,0,0,0,0,0,0,0,0
3186,0,0,0,0,0,0,0,0
3187,0,0,0,0,0,0,0,0
3188,2,2,1,2,10,11,28,5
3189,0,0,0,0,0,0,1,0
3190,0,0,0,0,0,0,0,0
3191,0,0,0,2,1,13,7,0
3192,0,0,0,0,0,0,0,0
3193,0,0,0,0,0,0,0,0
3194,1,2,0,0,1,1,2,2
3195,0,0,0,0,0,0,0,0
3196,3,0,1,0,5,12,6,1
3197,0,1,14,0,0,6,5,1
3198,0,0,0,0,1,0,0,0
3199,0,0,0,0,0,0,0,0
3200,0,0,0,1,0,0,2,1
3201,0,0,0,0,0,0,0,0
3202,0,0,5,10,25,29,23,7
3203,0,0,0,0,0,0,0,0
3204,0,0,0,0,0,0,0,0
3205,2,0,0,1,2,1,0,1
3206,0,0,0,0,0,0,0,0
3207,1,0,0,2,0,2,3,0
3208,0,0,0,0,0,0,0,0
3209,0,0,0,0,0,0,0,0
3210,0,0,0,0,0,0,0,0
3211,0,0,0,0,0,0,0,0
3212,0,0,0,0,0,0,0,0
3213,2,0,0,0,7,20,24,6
3214,1,0,0,0,1,19,3,2
3215,0,0,0,0,0,0,0,0
3216,2,0,0,0,2,6,3,2
3217,3,0,0,0,4,42,7,1
3218,0,0,0,1,0,0,1,0
3219,0,0,0,0,0,0,0,0
3220,0,0,0,0,0,0,1,0
3221,0,0,0,0,0,2,0,0
3222,0,4,0,0,3,9,4,5
3223,0,0,0,0,0,0,0,0
3224,0,0,0,0,0,0,0,0
3225,0,0,0,1,0,0,0,0
3226,0,0,0,0,0,0,0,0
3227,2,1,0,2,4,2,5,1
3228,0,0,0,0,1,0,1,2
3229,0,0,0,0,0,0,0,0
3230,1,0,0,4,0,1,0,0
3231,0,0,0,0,0,0,0,0
3232,2,0,2,11,2,0,2,0
3233,1,0,2,11,1,2,3,1
3234,0,0,0,0,0,0,0,0
3235,1,0,0,0,0,0,0,0
3236,0,0,0,0,0,0,0,0
3237,0,0,0,0,0,0,0,0
3238,0,0,0,0,0,0,0,0
3239,0,0,0,1,0,0,0,0
3240,0,0,0,0,0,0,0,0
3241,0,0,0,0,0,0,0,0
3242,0,0,0,0,0,1,0,0
3243,2,0,0,1,6,1,13,6
3244,0,0,0,0,0,0,0,0
3245,0,6,0,1,0,1,1,1
3246,0,0,0,1,0,0,0,0
3247,0,0,0,0,0,0,0,0
3248,1,0,1,2,0,6,2,0
3249,0,0,0,0,0,0,0,0
3250,0,0,0,0,0,0,0,0
3251,1,0,0,0,0,0,0,2
3252,0,0,1,0,2,4,11,2
3253,0,0,0,0,0,0,0,0
3254,0,0,0,0,0,0,0,0
3255,0,0,0,0,0,0,0,0
3256,0,0,0,0,0,0,0,0
3257,0,18,0,0,0,0,0,0
3258,0,0,0,0,0,0,0,0
3259,0,0,0,0,3,5,8,3
3260,2,0,0,0,7,13,17,6
3261,0,0,0,0,0,0,0,0
3262,2,0,0,0,1,23,27,6
3263,0,0,0,0,0,0,0,0
3264,1,0,0,0,0,0,0,0
3265,0,0,0,0,0,0,0,0
3266,0,0,0,0,1,0,0,0
3267,1,2,1,6,5,1,7,0
3268,0,0,0,0,0,0,0,0
3269,1,0,0,12,6,1,4,0
3270,0,0,0,0,0,0,0,0
3271,0,0,0,0,0,0,0,0
3272,0,0,1,0,2,0,6,6
3273,1,0,0,33,15,9,11,3
3274,0,0,0,0,0,0,0,0
3275,1,0,0,0,0,0,0,0
3276,1,0,1,0,0,2,1,0
3277,1,0,0,0,0,0,0,0
3278,0,0,0,0,0,0,0,0
3279,0,0,0,0,0,0,0,0
3280,0,0,0,0,0,0,0,0
3281,1,4,1,1,1,5,22,3
3282,0,0,0,0,0,1,0,0
3283,1,0,0,1,3,6,2,1
3284,0,0,0,0,0,0,0,0
3285,2,0,0,1,5,2,6,1
3286,0,0,0,0,0,0,0,0
3287,0,0,0,0,0,0,0,0
3288,0,0,0,0,0,0,0,0
3289,0,0,0,0,0,0,0,0
3290,0,0,0,0,0,0,0,0
3291,0,0,0,0,0,0,0,0
3292,16,0,26,6,4,114,25,7
3293,1,0,8,2,9,23,17,3
3294,3,0,0,1,2,1,2,3
3295,0,0,0,6,0,0,0,0
3296,1,0,0,24,0,0,1,0
3297,1,0,0,0,0,13,1,0
3298,2,0,0,0,7,2,1,2
3299,0,0,0,3,0,1,0,0
3300,0,0,0,0,0,0,0,0
3301,2,0,3,0,4,5,10,2
3302,0,0,0,2,0,0,0,0
3303,0,0,0,0,0,0,0,0
3304,0,0,0,0,0,0,0,0
3305,2,0,0,1,0,2,2,0
3306,0,0,0,0,0,0,0,0
3307,1,0,1,0,0,0,0,1
3308,1,0,0,0,4,5,15,2
3309,0,0,0,0,0,0,0,0
3310,5,0,0,0,0,9,1,0
3311,0,0,0,0,0,0,0,0
3312,5,0,1,8,16,72,19,12
3313,0,0,0,0,0,0,0,0
3314,1,1,0,0,2,9,8,3
3315,3,2,7,0,4,20,4,3
3316,3,0,14,3,13,13,20,5
3317,0,0,0,0,0,0,0,0
3318,0,0,0,0,0,0,0,0
3319,2,0,1,1,14,23,11,1
3320,0,0,0,0,0,0,0,0
3321,0,0,0,0,0,0,0,0
3322,0,0,0,4,0,0,0,0
3323,0,8,0,0,1,1,0,4
3324,4,0,2,3,1,14,18,2
